dat1....Accession..,Counts1,R2Counts1,R1.X127_N.126,R2X127_N.126,R1.X127_C.126,R1.X128_N.126,R2X127_C.126,R2X128_N.126,R1.X128_C.126,R1.X129_N.126,R2X128_C.126,R2X129_N.126,R1.X129_C.126,R1.X130_N.126,R2X129_C.126,R2X130_N.126,R1.X130_C.126,R1.X131.126,R2X130_C.126,R2X131.126
350295,8,9,0.96,1.013,0.941,0.908,0.942,0.859,1.399,1.615,1.291,1.434,1.084,1.091,1.045,1.231,0.948,0.966,0.917,0.858
537402,3,4,1.144,0.986,1.185,1.356,1.1,1.479,11.331,19.058,10.181,10.742,2.55,1.654,2.572,7.281,0.701,1.187,0.974,0.987
5777627,4,4,1.008,1.019,1.023,1.073,1.038,1.064,1.399,1.466,1.506,1.506,1.111,1.074,1.197,1.383,1.018,1.048,1.032,1.082
6002788,1,1,0.913,0.928,0.981,0.901,1.066,1.032,1.473,1.432,1.036,1.091,0.972,0.963,1.065,1.074,0.929,0.861,1.009,1.115
9828445,10,11,0.952,0.983,0.984,0.998,1.041,1.119,1.212,1.228,1.209,1.154,1.019,1.081,1.089,1.159,1.048,0.937,1.011,1.012
11990470,10,11,0.952,1.015,0.728,0.636,0.785,1.295,1.468,1.501,1.438,1.296,0.694,1.058,0.767,0.811,0.604,0.577,0.666,0.811
12328519,2,2,1.078,1.088,0.672,0.795,0.899,0.932,3.949,2.898,3.852,2.186,1.539,0.988,1.715,6.466,0.77,0.875,0.799,1.017
12597894,19,14,0.922,0.987,0.929,0.899,0.897,1.106,1.079,0.947,1.088,1.059,0.936,1.026,0.978,0.933,0.724,0.944,0.758,0.912
15217295,2,1,0.914,0.897,1.081,1.089,1.035,1.042,1.262,1.356,1.18,0.94,1.042,1.049,0.994,0.995,1.078,1.104,1.11,1.038
21740814,4,2,1.072,1.022,1.176,1.077,1.184,1.259,1.739,1.5,1.807,2.096,1.426,1.281,1.454,1.488,1.054,1.073,1.079,1.006
22758313,9,5,0.917,0.976,0.938,1.027,0.988,0.985,1.826,1.841,1.79,1.428,1.144,0.947,1.181,1.272,0.995,0.868,1.058,0.98
37806289,4,2,0.979,0.98,1.045,1.033,0.992,1.035,1.137,1.159,1.213,1.3,1.064,1.095,1.024,1.1,1.005,1.051,0.959,0.982
38344766,1,1,1.093,0.941,1.057,0.923,1.144,1.156,1.3,1.162,1.297,1.369,1.215,0.916,1.211,0.95,1.07,0.954,1.057,0.818
38345525,3,4,0.93,0.967,1.276,0.982,1.239,1.362,2.1,1.986,2.2,2.279,1.495,1.123,1.455,1.46,1.117,0.965,1.136,1.064
42408797,9,7,0.99,1.089,0.999,0.999,1.042,1.109,1.368,1.412,1.388,1.227,1.036,0.995,0.972,1.074,0.987,1.024,0.962,1.034
42409426,8,8,0.993,1.091,0.885,0.987,0.988,1.208,1.344,1.149,1.347,1.352,0.964,0.999,0.924,0.978,0.984,0.951,1.043,1.077
46390045,13,3,1.013,0.907,0.957,0.964,0.946,0.999,1.201,1.175,1.197,1.222,0.97,1.043,1.012,1.014,0.966,1.057,0.957,0.946
49387760,4,2,0.952,1.076,1.112,0.971,0.974,1.148,1.983,1.743,2.53,1.734,0.97,0.972,0.971,1.21,0.931,0.928,1.05,1.038
50725735,3,4,1.118,1.066,1.206,1.124,1.289,1.284,1.473,1.442,1.442,1.595,1.048,1.223,1.027,1.34,0.952,1.168,0.976,1.083
50726253,9,13,0.993,0.986,0.832,0.77,0.803,1.048,1.088,1.054,1.049,0.989,0.963,1.052,0.845,0.862,0.748,0.793,0.872,0.933
53791994,6,3,1.157,1.08,0.787,0.802,0.796,1.071,1.297,0.885,1.205,1.418,0.754,0.833,0.853,0.968,0.866,0.837,0.864,1.093
56783763,2,4,0.999,1.094,0.925,0.993,1.064,1.193,1.446,1.356,1.418,1.464,0.922,0.957,1.059,1.131,1.029,0.896,1.081,1.093
59895951,4,5,1.102,1.001,1.014,0.959,0.976,0.997,1.241,1.343,1.227,1.187,1.093,1.054,1.052,1.067,0.991,1.019,0.974,0.959
75110003,1,1,0.988,1.021,1.07,1.084,1.034,1,1.364,1.646,1.412,1.556,1.018,1.057,0.976,1.237,1.04,1.06,1.083,1.051
75147390,7,10,1.127,1.135,0.816,1.025,0.946,1.174,1.061,1.29,1.099,1.288,0.897,0.945,0.969,0.98,1.052,1.012,1.127,1.106
75225211,19,25,1.008,0.983,1.01,1.046,1.04,1.049,1.315,1.231,1.294,1.187,1.036,1.062,1.053,1.145,1.025,1.026,1.012,1.023
75261364,33,30,0.956,0.953,0.982,0.907,1.009,1.04,1.261,1.196,1.205,1.153,1.023,0.994,1.005,1.027,1,0.878,0.973,0.922
77552437,5,5,1.147,0.811,0.798,0.945,0.806,1.062,1.245,1.138,1.331,1.502,0.958,1.053,0.894,1.079,0.934,0.919,0.938,0.839
77555171,2,1,1.066,1.198,1.138,1.085,1.364,1.43,2.286,2.578,2.573,4.851,0.923,1.067,1.094,1.919,0.974,1.106,1.123,1.114
77555961,15,18,0.831,0.921,0.552,0.615,0.618,0.788,0.794,0.746,0.794,0.666,0.663,0.671,0.702,0.554,0.728,0.726,0.745,0.791
90398985,2,2,1.322,0.847,0.794,1.027,0.773,0.976,1.642,2.145,1.454,1.268,0.736,1.134,0.807,1.285,0.877,0.97,0.833,0.95
108707472,3,2,1.017,1.013,1.242,1.136,1.225,1.363,6.322,5.646,5.244,5.668,2.009,1.35,1.851,3.715,1.158,1.212,1.108,1.147
108708957,2,1,0.963,0.953,1.191,0.964,1.148,1.108,1.687,1.688,1.745,1.53,1.111,1.033,1.086,1.095,1.02,1.03,0.953,1.019
108710273,2,1,1.016,1.242,0.9,0.948,0.817,1.215,1.108,1.27,1.275,1.179,0.802,0.895,1.041,0.868,1.051,1.185,1.148,0.994
108862938,2,2,1.12,1.002,1.105,1.16,1.056,0.886,1.256,1.387,1.26,1.461,1.049,1.01,0.996,1.246,1.237,1.335,1.069,1.119
115435030,4,2,0.964,1.248,1.061,1.069,1.279,1.372,1.126,1.217,1.391,1.601,0.959,0.968,1.055,0.985,1.077,1.065,1.13,1.13
115435222,5,2,1.138,1.014,1.09,1.034,1.088,1.148,1.596,1.527,1.623,1.811,0.839,1.033,0.916,1.226,0.977,1.015,1.095,1.073
115436224,3,2,0.852,0.981,0.954,0.929,0.92,1.012,1.236,1.137,1.296,0.93,0.955,0.852,0.906,1.024,0.919,0.9,1.073,0.949
115436382,5,1,0.98,1.047,1.01,0.949,1.023,1.013,1.227,1.099,1.394,1.256,1.129,1.134,1.073,1.103,1.015,1.017,1.047,1.069
115436652,1,3,0.957,0.983,1.216,0.891,1.106,1.071,1.313,1.448,1.174,1.177,1.204,1.083,1.018,0.919,0.894,1.005,1.091,0.972
115436870,1,3,1.086,0.898,1.127,1.006,1.002,1.276,2.08,1.66,1.848,1.653,1.522,1.163,1.182,1.241,0.9,0.961,0.837,0.945
115436928,6,28,0.941,1.042,0.967,1.1,1.044,1.105,2.957,2.636,1.879,1.715,1.503,1.28,1.183,1.502,1.096,1.018,0.958,1.03
115437194,8,9,1.017,1.023,0.746,0.861,0.936,0.953,0.956,0.976,0.985,0.997,0.82,0.877,0.839,0.839,0.948,0.882,0.956,1.022
115437592,2,1,0.986,1.017,1.096,1.015,0.948,1.39,1.747,1.743,2.057,2.142,1.246,1.242,1.195,1.19,1.074,1.093,1.033,0.829
115437604,6,5,0.986,0.979,0.925,1.01,0.916,0.971,1.235,1.295,1.168,1.097,0.964,0.928,0.976,1.002,1.115,1.074,1.053,0.97
115438937,1,4,1.076,0.91,0.901,1.011,1.18,1.246,4.432,5.007,4.828,8.275,1.646,1.565,1.561,3.82,1.038,0.864,1.107,1.039
115439405,5,2,0.995,1.125,0.986,1.013,1.256,1.417,1.22,1.556,1.364,1.33,1.083,0.95,1.073,1.058,1.077,0.975,1.197,1.23
115441055,2,1,1.077,1.504,1.604,1.269,1.705,2.229,3.36,4.891,4.387,5.983,1.291,1.259,1.597,2.278,1.091,1.313,1.115,1.102
115441753,1,1,1.16,1.508,1.084,1.271,1.34,2.019,3.183,3.227,5.17,3.588,1.125,1.573,1.67,1.764,1.376,1.016,1.697,1.549
115442265,1,2,1.029,0.955,1.022,0.758,0.956,1.089,1.31,1.738,1.275,1.303,0.95,1.056,1.077,1.161,1.109,1.079,0.945,0.962
115442283,4,5,0.952,0.962,1.011,0.989,0.979,0.967,1.385,1.351,1.321,1.008,1.195,1.095,1.114,1.081,0.94,0.924,0.967,1.009
115443643,1,2,0.881,1.158,1.173,1.076,1.137,1.153,1.459,1.26,1.471,1.7,1.103,1.1,1.381,1.496,1.199,0.908,1.085,1.213
115443875,74,87,1.029,0.977,0.951,0.977,0.974,1.021,1.337,1.226,1.346,1.248,0.94,1.017,0.957,1.143,0.908,1.003,0.92,1.018
115444831,4,7,1.149,1.015,0.957,1.042,1.009,1.045,1.88,1.899,1.641,1.421,1.168,1.089,1.22,1.34,1.045,1.044,1.013,1.012
115445047,23,21,0.973,0.985,0.977,0.93,0.931,1,1.227,1.233,1.162,1.139,1.048,0.989,1.007,1.009,1.018,0.96,0.974,1.035
115446097,4,1,1.091,0.776,0.679,0.573,0.596,0.73,1.18,1.188,1.261,0.78,1.055,1.268,1.131,0.756,0.72,0.619,0.601,0.695
115446435,15,10,1.012,0.92,1.052,1.011,1.077,0.857,1.55,2.09,1.567,1.377,1.009,0.976,0.953,1.221,0.909,0.977,0.996,0.903
115447273,8,14,0.881,0.967,0.744,0.668,0.727,1.184,1.389,1.368,1.42,1.367,0.791,0.747,0.818,0.843,0.78,0.726,0.869,0.888
115447759,23,4,0.941,1.021,0.913,0.91,0.953,0.912,1.186,1.148,1.126,1.313,0.924,0.961,1.002,1.067,0.94,0.953,0.958,0.999
115448199,2,3,0.923,1.07,0.938,1.009,0.969,0.994,1.665,1.691,1.76,1.736,1.006,0.84,1.159,1.444,0.872,1.14,0.956,1.056
115448547,8,7,0.994,0.931,0.948,1.028,0.931,1.013,1.456,1.559,1.456,1.341,1.079,0.953,1.086,1.65,1.003,1.013,0.981,1.045
115448739,5,3,1.089,1.159,1.058,1.087,1.06,1.116,1.778,1.527,1.94,2.314,1.235,1.093,1.328,2.308,0.994,1.051,1.056,1.105
115448791,2,2,0.576,0.926,0.4,0.456,0.337,0.278,1.065,0.975,0.983,0.984,0.294,0.347,0.213,0.229,0.655,0.754,0.628,0.955
115449167,17,16,0.982,0.93,0.893,0.872,0.89,1.016,1.223,1.25,1.295,1.008,1.055,0.974,1.017,0.986,0.903,0.882,0.9,0.941
115449517,9,9,0.988,1.032,0.993,0.983,1.058,0.994,1.416,1.404,1.326,1.389,1.088,1.037,1.102,1.132,1.02,0.919,1.047,1.048
115449669,30,27,0.951,0.889,0.841,0.887,0.85,0.862,1.449,1.247,1.465,0.899,0.818,0.844,0.797,0.967,0.788,0.896,0.83,0.87
115449889,1,1,0.802,1.315,1.254,1.322,1.588,1.59,3.363,3.374,3.479,3.864,2.341,1.533,2.3,2.343,1.178,1.114,1.185,1.248
115450109,2,2,0.992,0.91,0.872,0.906,0.922,1.116,1.148,1.288,1.283,1.23,0.993,1.004,0.923,1.032,0.954,0.839,0.916,1.01
115450273,2,3,0.921,1.026,0.84,0.831,0.893,1.033,1.394,1.284,1.387,1.406,0.953,0.893,0.943,1.088,0.956,0.907,1.007,1.139
115450545,1,1,0.871,1.206,0.845,0.987,1.011,1.11,2.63,3.042,3.827,4.488,1.163,0.913,1.296,1.711,0.782,0.868,1.154,1.485
115450549,2,2,1,0.952,0.808,0.715,0.776,0.986,1.258,0.997,1.327,0.876,1.045,1.159,0.943,0.947,0.74,0.806,0.772,0.901
115451799,7,2,1.049,1.202,1.197,1.044,1.139,1.543,2.245,2.053,1.924,1.676,1.393,1.408,1.221,1.136,1.102,1.116,1.056,1.147
115452067,3,1,1.053,1.134,1.011,1.061,0.905,1.042,1.092,1.24,1.126,0.972,0.92,0.802,0.95,0.91,1.01,1.071,0.987,1.014
115452201,3,2,1.067,1.083,0.976,0.971,1.034,1.058,1.095,1.211,1.143,1.123,0.936,0.981,0.984,0.904,1.027,0.933,1.001,1.01
115452343,2,4,0.975,0.948,0.958,0.963,0.878,0.94,1.053,1.019,1.092,1.033,0.854,1.01,0.787,0.96,0.801,0.916,0.873,0.895
115452559,1,5,1.188,1.034,0.863,1.218,0.815,0.938,1.879,1.982,1.74,1.742,0.953,1.003,0.883,1.429,1.034,1.41,0.973,1.03
115452567,4,2,0.913,1.038,1.267,1.142,1.09,1.387,9.982,9.532,2.948,3.061,5.652,2.932,2.013,2.386,1.147,1.028,0.967,1.067
115452733,1,3,0.976,1.005,0.888,0.979,0.94,0.861,1.098,1.15,1.156,1.178,0.87,0.861,0.934,1.015,0.949,1.028,0.952,0.934
115452789,30,19,1.362,1.143,0.999,1.129,0.98,1.031,1.517,1.662,1.495,1.754,1.047,1.149,0.99,1.732,0.936,1.187,0.944,1.031
115452831,4,4,1.036,1.005,1.022,0.976,1.08,1.043,1.206,1.258,1.219,1.261,1.01,1.063,1.031,1.161,0.95,0.968,1.001,1.049
115452927,10,10,0.963,0.9,1.042,1.072,1.01,1.098,1.935,1.843,2.383,2.42,1.249,1.156,1.393,2.037,0.968,1.047,0.924,0.972
115453089,6,2,0.903,0.995,0.981,0.974,0.964,1.069,1.243,1.285,1.227,1.364,1.172,1.017,1.334,1.179,1.076,0.904,1.018,0.947
115453679,3,1,0.976,1.049,0.785,0.964,0.936,1.066,1.125,1.234,1.133,1.15,0.964,0.996,1.022,1.022,1.057,1.014,1.14,1.109
115454733,18,10,1.067,1.025,1.254,1.121,1.222,1.172,2.728,2.518,2.549,2.144,1.935,1.377,1.84,2.382,0.995,1.011,1.02,0.994
115454887,10,9,0.985,1.05,1.019,0.95,0.993,1.069,1.304,1.224,1.195,1.354,1.218,1.067,1.212,1.328,1.095,1.07,1.124,1.058
115454931,53,42,1.095,1.105,1.039,0.989,1.037,1.237,1.217,1.173,1.201,1.225,1.036,1.253,1.005,1.077,0.948,1.033,0.959,1.048
115455101,25,13,0.661,0.899,0.808,0.853,0.922,1.067,2.717,2.746,2.055,2.083,0.925,0.83,0.962,1.228,0.749,0.883,0.844,1.087
115455667,4,4,1.058,1.02,0.921,1.014,0.907,0.889,1.23,1.141,1.125,1.023,1.002,1.178,1.15,1.019,0.886,0.977,0.879,1.041
115456209,2,1,1.076,1.149,1.129,1.164,1.27,1.235,2.466,2.311,2.753,2.9,1.289,1.076,1.494,1.831,1.052,1.041,1.1,1.193
115456241,5,4,0.945,0.848,1.031,1.038,1.049,0.884,1.13,1.217,1.059,1.078,0.982,0.857,0.946,1.072,0.849,0.905,0.899,0.874
115456405,6,2,1.029,0.872,0.863,0.944,0.904,0.902,1.293,1.404,1.127,1.102,0.946,0.862,0.874,0.959,0.896,0.958,0.906,0.946
115456930,2,3,1.135,0.988,0.916,1.071,0.972,0.984,1.63,2.37,1.226,1.245,1.085,1.105,0.894,1.296,1.013,1.189,0.916,0.93
115459168,3,2,1.249,1.239,1.234,1.048,1.402,1.615,3.342,3.116,3.743,3.094,2.752,2.492,3.886,6.131,1.401,1.473,1.812,1.492
115459340,12,16,1.009,0.968,1.031,1.101,1.038,1.026,1.432,1.339,1.476,1.621,0.993,1.003,1.029,1.373,1.047,1.088,1.046,1.079
115459382,8,4,0.938,0.974,0.933,0.981,0.993,1.118,5.43,5.948,4.829,4.934,2.167,1.167,1.877,3.585,0.864,0.933,0.914,1.015
115459848,9,3,0.885,1.007,0.886,0.841,0.864,0.929,1.18,1.205,1.206,1.125,0.795,0.842,0.73,0.829,0.939,0.884,0.885,0.943
115460390,2,1,1.212,1.138,0.79,1.134,1.141,1.164,1.575,2.508,1.166,1.42,0.885,0.895,1.092,1.173,1.217,1.168,1.118,1.186
115460462,3,4,0.936,1.031,1.367,1.047,1.711,1.517,11.648,10.356,13.913,18.419,3.493,1.213,7.835,18.874,0.981,1.266,1.264,1.121
115460736,4,2,1.036,0.812,1.122,1.174,1.417,1.014,1.66,1.533,1.762,1.551,1.075,1.109,1.095,1.448,1.056,1.086,1.232,1
115461002,1,2,0.997,0.8,1.053,0.862,1.126,1.129,1.763,1.408,1.782,1.053,1.064,1.253,1.178,1.245,0.813,0.694,0.95,0.956
115461160,20,8,0.903,0.939,0.98,0.948,0.933,0.929,1.224,1.162,1.157,1.063,1.063,1.021,1.058,0.993,0.941,0.93,0.958,0.959
115461240,19,12,1.007,0.988,0.986,0.972,0.994,0.991,1.198,1.141,1.197,1.011,1.077,1.121,1.061,1.032,0.907,0.964,0.879,1.025
115461741,6,15,1.075,1.118,0.977,1.005,1.035,1.345,1.309,1.288,1.21,1.433,0.975,1.105,0.969,1.103,1.077,1.148,1.054,1.141
115462209,5,6,0.973,0.966,1.082,1.077,1.082,0.999,1.478,1.269,1.33,1.427,1.134,1.004,1.14,1.215,1.131,1.019,1.125,0.99
115462479,1,2,1.132,0.902,0.771,0.918,0.782,0.981,1.592,2.951,2.183,2.039,0.807,0.959,0.958,1.865,0.862,0.819,1.054,1.158
115463155,3,1,1.077,1.053,1.033,1.02,1.027,1.353,1.25,1.322,1.472,1.652,1.086,1.091,1.086,0.979,1.169,1.102,1.144,1.284
115463555,2,3,1.035,1.087,0.861,1.064,0.928,1.149,1.332,1.416,1.399,1.582,1.052,1.027,1.15,1.804,0.969,1.179,1.01,1.184
115464069,4,3,0.782,0.919,0.99,0.835,0.966,0.949,2.183,3.378,1.566,2.079,1.064,0.969,1.012,1.125,0.979,0.776,0.98,0.918
115464123,3,4,0.931,1.013,0.823,0.87,0.849,1.024,1.516,1.369,1.475,1.387,1.071,0.936,1.024,1.076,1.044,0.905,0.982,1.02
115464309,1,2,0.988,1.109,0.909,1.024,1.026,1.402,1.688,2.367,1.797,1.431,0.996,0.98,1.056,1.14,1.01,1.082,1.01,0.997
115464403,1,1,0.912,1.028,0.643,1.007,0.676,0.871,1.433,1.129,1.076,1.306,1.067,0.742,0.928,0.68,0.904,1.195,0.981,0.836
115464649,3,1,1.133,0.92,0.904,0.956,0.848,1.113,2.069,2.273,1.838,1.829,1.075,1.092,1.065,1.488,1.142,1.012,1.017,1.187
115464745,5,2,0.962,1.05,1.007,1.025,1.106,1.056,1.195,1.175,1.451,1.37,0.92,0.983,1.112,1.116,0.923,0.955,1.008,1.039
115464793,5,2,0.885,0.957,0.969,1.015,0.99,0.929,1.148,1.034,1.301,1.239,0.981,1.027,0.97,1.215,0.931,0.98,1.065,0.938
115464893,15,1,0.961,1.189,1.048,1.032,1.047,1.257,1.184,1.218,1.717,1.619,1.08,0.959,1.178,1.192,1.079,1.009,1.168,1.139
115465191,34,44,1.006,1.02,1.203,1.171,1.243,1.518,10.069,13.265,14.293,15.435,3.378,1.649,3.771,9.464,1.125,1.087,1.168,1.256
115465375,3,3,1.166,0.963,0.916,1.061,0.963,0.947,1.724,1.651,2.133,2.069,1.105,0.91,1.097,1.859,0.832,0.915,0.884,1.145
115465543,1,1,1.155,1.134,1.026,0.81,0.973,1.208,1.314,1.159,1.234,1.241,1.125,0.949,1.206,1.007,0.926,0.851,0.856,0.825
115466684,3,8,1.079,1.025,0.874,0.952,0.933,0.984,1.06,1.152,1.077,1.11,0.828,0.901,0.889,1.141,0.771,0.909,0.822,0.982
115466820,5,10,0.911,0.885,0.728,0.688,0.708,0.846,0.934,0.75,0.889,0.819,0.717,0.773,0.716,0.635,0.826,0.758,0.823,0.851
115467076,2,2,0.86,0.937,0.854,0.986,0.883,1.147,1.251,1.322,1.248,1.181,1.073,1.027,1.12,1.292,1.139,1.035,1.017,1.061
115467078,1,1,1.462,1.2,0.927,0.78,0.897,1.288,1.03,1.806,1.178,1.195,0.864,0.912,0.871,0.961,1.093,1.231,0.97,1.13
115467402,5,3,0.817,0.926,0.775,0.902,0.703,0.835,1.352,1.21,1.273,1.291,0.757,0.633,0.654,0.699,0.784,1.134,0.648,1.075
115467434,2,2,1.103,1.05,0.957,0.945,0.952,0.942,1.215,1.085,1.191,1.121,1.066,1.179,1.023,1.059,0.876,1.057,0.863,0.989
115467448,3,6,0.962,0.956,0.877,0.997,0.978,0.983,1.148,1.077,1.157,1.154,1.024,0.99,0.908,0.996,0.915,0.946,0.902,0.935
115468134,20,17,0.995,1.02,0.955,1,0.983,0.969,1.169,1.218,1.196,1.221,1.061,0.999,1.106,1.131,0.981,1.019,1.018,1.044
115468204,1,1,0.945,1.342,1.106,1.416,1.233,1.215,2.319,3.042,1.831,2.803,0.845,0.726,1.072,2.201,0.713,0.947,1.383,1.372
115468348,2,1,1.022,0.905,0.963,1.085,0.943,0.931,1.209,1.449,1.136,1.584,0.856,1.1,0.779,0.962,0.919,1.087,0.869,1.023
115469012,1,1,0.965,0.899,1.033,0.93,0.942,0.847,1.171,1.249,1.078,1.12,0.878,0.857,0.846,1.055,0.95,0.873,1.022,0.966
115469166,1,2,1.07,1.134,0.477,0.814,0.876,0.912,1.257,1.861,1.382,1.288,0.985,0.722,1.198,1.342,0.836,0.938,1.353,1.069
115469256,2,1,0.684,1.358,1.319,1.286,1.411,1.365,4.015,5.561,2.669,3.434,0.839,0.674,1.104,2.401,1.27,0.747,1.401,1.394
115469436,4,4,0.919,1.071,1.113,0.939,1.123,1.422,2.849,2.376,3.073,3.221,1.569,1.132,1.729,2.329,0.976,0.953,0.98,1.205
115469912,2,2,0.989,1.089,1.003,1,0.967,1.003,1.084,1.368,1.018,1.142,0.886,0.912,0.971,0.952,1.024,1.101,0.984,0.974
115470671,21,5,1.036,0.984,0.984,0.992,0.986,1.027,1.371,1.241,1.249,1.296,1.047,1.068,1.02,1.092,1.023,0.997,1.026,0.984
115470941,20,14,0.89,0.949,0.851,0.858,0.883,0.843,2.064,2.015,2.305,2.049,0.835,0.886,0.823,1.413,0.872,0.916,0.82,0.918
115472071,4,2,0.939,0.897,0.897,0.783,0.849,1.065,1.538,1.268,1.504,1.268,1.054,1.093,1.067,0.883,0.817,0.712,0.801,0.843
115472167,19,49,0.969,1.031,1.014,0.952,1.014,1.2,1.223,1.097,1.202,1.217,1.117,1.132,1.065,1.116,0.963,1.005,0.972,0.969
115473445,2,1,0.988,0.902,0.92,0.849,0.944,0.867,1.087,1.075,1.096,1.06,1.005,0.909,0.967,0.98,0.938,0.92,0.871,0.815
115474507,4,2,0.875,0.91,0.646,0.764,0.576,0.746,0.842,0.829,0.801,1.021,0.606,0.67,0.545,0.711,0.829,0.996,0.757,0.79
115474565,4,1,1.086,0.986,0.928,1.149,1.033,0.998,1.3,1.281,1.408,1.493,0.956,0.942,1.046,1.357,0.98,1.058,0.991,1.071
115474635,10,3,0.981,0.896,0.917,0.916,0.989,0.898,1.179,1.063,1.276,1.288,0.993,0.931,0.96,1.135,0.925,1.006,0.902,0.889
115474835,2,1,1.033,0.96,0.884,1.026,0.956,0.953,1.093,1.077,1.244,1.182,0.984,0.977,0.983,1.22,0.96,1.034,1.04,0.946
115475151,18,23,1.017,1.075,0.966,0.936,0.979,1.228,1.456,1.296,1.454,1.433,0.962,1.041,1.023,1.087,0.994,0.926,1.036,1.037
115475798,8,6,1.007,1.029,1.043,0.982,1.077,1.078,1.148,1.116,1.259,1.258,1.021,1.103,1.054,1.17,0.972,0.993,0.991,1.014
115476100,32,38,1.003,0.985,0.885,0.876,0.93,1.069,1.186,1.15,1.184,1.062,0.915,1.066,0.878,0.946,0.858,1.005,0.865,0.93
115476218,2,1,1.021,0.886,0.973,1.001,0.934,1.273,1.781,1.969,2.023,2.997,0.932,0.76,0.694,1.497,0.77,0.899,0.883,0.807
115476488,1,1,0.809,1.587,0.956,1.189,1.959,0.909,2.745,2.732,4.699,3.302,1.573,1.06,2.362,2.38,0.838,0.862,1.261,1.175
115478064,1,1,1.221,1.055,1.153,0.936,1.001,1.198,1.378,1.378,1.223,1.275,1.119,0.96,1.045,1.152,0.855,0.861,1.06,1.189
115480445,4,2,0.974,0.941,0.853,0.9,0.836,0.92,1.255,1.222,1.17,1.028,0.936,0.776,1.014,1.196,0.895,0.881,0.851,0.828
115480465,2,1,1.138,1.106,1.153,1.301,1.06,1.004,1.391,1.674,1.162,1.394,1.061,1.119,1.099,1.08,1.393,1.276,1.038,1.292
115481540,10,11,1.086,0.778,0.986,1.039,0.987,0.833,1.148,1.08,1.18,1.002,0.848,0.997,0.83,0.795,0.815,0.927,0.778,0.916
115481814,2,3,0.834,0.965,1.04,0.904,1.057,1.089,2.862,2.621,2.7,2.491,1.652,1.072,1.558,1.496,0.975,0.869,1.064,1.012
115481822,10,4,1.057,0.959,1.004,1.004,0.819,1.008,1.491,1.448,1.531,1.633,1.057,1.056,1.057,1.2,0.986,1.068,0.85,1.014
115482666,2,4,1.063,1.008,1.124,1.067,1.009,1.053,1.864,1.428,1.27,1.054,1.401,1.217,1.078,1.074,1.021,0.964,0.979,0.943
115484503,2,2,0.871,0.902,0.654,0.638,0.708,0.748,1.042,0.806,1.009,0.853,0.707,0.73,0.746,0.859,0.572,0.774,0.72,0.873
115484519,4,1,1.08,0.991,1.065,1.105,0.908,0.879,1.319,1.289,1.241,1.258,1.164,1.103,1.083,1.058,1.128,1.158,0.967,0.928
115485299,8,6,0.903,0.97,1.019,0.967,0.978,1.001,1.246,1.098,1.057,1.103,1.028,0.945,1.06,0.88,0.878,0.857,0.958,0.837
115486998,12,16,1.399,1.182,0.871,0.985,0.908,1.223,1.897,1.692,1.738,1.974,0.938,0.991,0.97,1.526,1.29,1.013,1.239,1.095
115487380,12,11,0.814,0.892,0.916,0.856,0.934,1.024,1.55,1.381,1.62,1.426,1.159,0.923,1.213,1.097,0.893,0.789,0.902,0.877
115488790,4,3,0.805,0.927,0.976,1.032,0.888,0.922,1.088,1.191,1.134,1.139,0.997,0.941,0.936,1.012,0.931,0.775,0.891,1.033
116310282,2,1,1.042,1.064,0.994,0.961,0.994,1.177,1.068,1.219,1.303,1.266,1.039,0.986,1.006,1.058,0.958,0.914,1.019,1.052
122063509,1,2,0.888,1.057,0.962,0.97,1.025,1.036,1.443,1.392,1.316,1.22,1.069,0.946,1.088,1.003,1.035,0.895,0.989,0.95
125533033,2,1,0.936,0.964,0.987,0.971,1.026,0.99,1.4,1.295,1.529,1.404,1.06,0.946,1.23,1.283,0.942,0.923,1.128,1.167
125535005,1,1,0.815,1.452,1.024,0.778,1.098,1.722,13.997,9.255,16.25,4.48,1.798,2.997,2.25,9.825,0.657,1.175,0.534,1.59
125540465,1,1,1.206,1.056,1.227,1.239,1.066,1.257,1.693,1.759,1.246,1.531,1.277,1.211,1.06,1.155,1.174,1.343,1.069,1.09
125544336,5,6,0.778,0.978,0.97,0.968,1.016,1.207,2.616,1.942,2.621,1.841,1.298,1.083,1.248,1.623,0.807,1.028,1.029,1.082
125546535,2,1,0.987,1.028,1,0.972,0.963,1.039,1.187,1.151,1.186,1.307,0.985,0.964,0.976,1.14,0.985,0.993,0.948,1.091
125563873,30,13,0.98,0.958,0.967,0.989,0.982,1.083,2.101,2.116,2.003,1.748,1.218,1.03,1.206,1.359,0.925,0.942,0.957,0.98
125579319,2,9,0.945,1.029,1.247,1.095,1.159,1.486,8.47,6.758,6.19,6.268,2.768,1.638,2.303,4.286,1.072,0.93,1.05,1.17
125583202,7,9,1.114,1.058,1.292,1.267,1.38,1.35,3.41,3.026,3.736,2.99,1.224,1.227,1.215,2.283,1.084,1.043,1.088,1.331
125585951,7,8,0.886,0.878,1.357,1.13,1.37,1.631,2.626,2.011,2.718,1.964,1.375,1.13,1.398,1.528,1.202,1.052,1.26,0.956
125601197,3,1,1.133,1.017,0.955,1.069,1.031,1.144,1.199,1.47,1.314,1.173,1.028,1.096,1.035,1.126,1.187,1.353,1.173,1.236
149390749,8,6,0.59,0.554,0.36,0.372,0.258,0.278,0.802,0.611,0.893,0.374,0.348,0.299,0.282,0.67,0.393,0.51,0.36,0.448
152013381,4,3,1.159,1.047,1.002,0.972,1.098,1.054,1.455,1.399,1.235,1.264,1.02,1.087,0.948,1.111,0.953,1.173,0.979,1.004
209572803,2,2,0.844,0.933,0.802,0.879,0.906,0.937,1.058,0.981,1.102,1.2,0.81,0.861,0.868,0.894,0.955,0.809,0.956,0.784
218185030,5,4,0.97,1.043,1.042,1.02,1.23,1.196,1.368,1.31,1.303,1.437,1.136,1.062,1.225,1.191,1.011,0.942,1.139,1.124
218185500,6,7,1.105,1.023,1.048,0.973,0.962,1.229,1.365,1.34,1.265,1.367,1.152,1.259,1.152,1.134,1.039,1.082,0.967,0.957
218187570,3,2,1.055,1.14,1.146,1.084,0.872,1.178,1.179,1.196,1.565,1.36,1.083,0.974,0.994,0.914,1.309,1.156,1.183,1.124
218188577,1,1,0.94,1.057,0.873,0.894,0.758,1.237,0.976,1.226,1.118,1.127,0.8,0.783,0.803,0.737,1.164,1.007,1.174,1.019
218193395,1,1,0.9,0.966,0.941,0.889,0.928,1.138,1.944,1.787,2.464,1.988,1.221,0.994,1.461,1.735,0.918,0.781,0.909,0.878
218194135,1,1,0.979,1.074,0.858,0.845,0.836,1.142,1.269,1.307,1.168,1.097,1.055,1.073,1.017,1.168,0.918,0.803,0.841,0.875
218194846,7,8,1.323,1.202,0.984,0.987,0.904,1.807,2.795,2.161,2.892,2.03,1.041,1.723,0.853,1.121,0.776,0.966,0.732,1.164
218196637,1,2,1.07,0.764,1.096,1.322,1.468,1.37,1.59,1.43,1.079,0.967,1.188,0.947,1.076,0.801,0.863,0.958,0.778,0.81
218196890,2,2,0.987,1.104,0.963,0.91,1.022,1.039,1.064,1.071,1.107,1.146,0.816,0.916,0.898,0.952,1.008,0.944,1.028,1.059
218197312,16,4,0.952,0.996,1.026,0.976,0.897,1.204,1.369,1.284,1.356,0.953,1.029,1.139,1.059,1.225,0.818,0.858,0.797,0.901
218197683,1,2,1.011,0.922,1.184,1.123,1.025,1.088,1.244,1.232,1.199,1.114,1.252,1.175,1.132,1.272,1.089,1.191,1.127,1.094
218198265,9,6,1.031,0.917,1.091,1.204,1.107,1.005,1.573,1.318,1.443,1.671,1.125,1.017,1.167,1.141,1.122,1.217,1.109,1.076
218199774,6,2,1.142,1.048,1.103,1.192,1.111,1.198,1.706,1.354,1.611,1.583,1.19,1.192,1.195,1.573,1.41,1.171,1.295,1.242
218200228,16,9,1.071,1.01,1.003,0.99,0.988,0.977,1.374,1.405,1.307,1.466,1.033,1.096,1.032,1.262,1.013,1.101,0.999,1.052
218201421,2,2,0.841,0.712,0.455,0.507,0.527,0.595,0.707,0.845,0.782,0.584,0.673,0.832,0.77,0.62,0.692,0.582,0.752,0.727
218201554,19,20,0.989,1.004,1.082,1.073,1.092,1.159,1.419,1.391,1.443,1.498,1.258,1.126,1.278,1.283,1.02,1.036,1.023,1.025
218202373,2,1,0.828,0.98,1.027,0.913,1.115,0.922,1.29,1.103,1.306,1.147,0.939,0.813,1.077,0.885,0.882,0.839,0.911,0.956
222615421,1,2,0.906,0.962,0.991,0.967,0.921,1.035,1.135,1.221,1.167,1.117,1.084,1.003,0.977,0.987,1.033,0.95,1.041,1.055
222618823,3,1,0.91,0.973,0.967,1.096,0.924,1.275,1.481,1.324,1.572,1.351,1.007,0.92,1.112,0.968,0.929,0.955,1.113,0.885
222619828,4,2,0.91,0.979,0.975,0.908,1.035,1.086,1.181,1.197,1.169,1.157,0.917,0.977,1.006,1.098,0.888,0.916,0.958,1.013
222623797,8,6,0.904,0.929,1.131,1.14,1.105,1.007,2.081,2.596,2.127,1.76,0.99,1.021,1.1,1.384,0.967,1.016,1.04,1.056
222623966,4,3,0.953,0.843,0.935,0.854,0.95,0.83,1.091,0.97,1.078,0.885,0.955,0.917,0.945,0.819,0.824,0.778,0.792,0.875
222624261,6,8,0.976,1.052,1.155,0.99,1.262,1.702,10.778,12.832,7.22,8.161,1.976,1.305,2.468,5.213,1.033,1.133,1.183,1.332
222624517,1,1,0.972,1.036,1.09,1.021,1.079,1.215,1.309,1.247,1.207,1.391,1.112,1.088,1.184,1.146,1.055,1.054,1.034,1.024
222625833,3,1,1.038,1.123,1.153,1.108,1.11,0.983,1.279,1.247,1.501,1.752,1.147,1.15,1.124,1.381,1.052,1.164,1.124,1.148
222628870,12,14,1.012,0.952,1.081,0.869,1.046,1.542,2.468,2.595,2.385,2.52,1.342,1.408,1.303,1.068,0.803,0.937,0.768,0.914
222629679,14,6,1.035,1.043,1.078,1.019,1.041,1.066,1.447,1.359,1.447,1.215,1.192,1.041,1.169,1.283,1.077,0.995,1.119,1.027
222631026,94,76,0.999,0.986,0.958,0.917,0.941,1.038,1.078,1.12,1.132,1.056,1.03,1.032,1.042,1.048,0.865,0.948,0.87,0.896
222631124,2,1,0.942,0.93,0.914,0.893,0.901,0.918,1.291,1.175,1.231,0.862,1.1,0.986,1.081,0.923,0.89,0.877,0.891,0.832
222632170,3,2,1.058,1.02,0.951,0.97,0.95,1.236,1.266,1.193,1.191,1.329,1.111,1.094,1.02,0.989,1.135,1.062,1.052,1.083
222636166,5,6,0.995,1.024,0.925,0.953,0.983,1.054,0.962,1.397,1.154,1.21,0.933,0.917,0.958,1.012,0.994,0.908,1.058,1.065
222637451,1,2,1.035,1.186,1.347,1.047,1.027,1.323,2.15,1.694,1.456,1.516,1.291,1.387,1.067,1.291,1.08,0.978,0.964,0.983
222640508,5,5,0.999,0.952,1.021,1.043,0.957,1.046,1.287,1.263,1.198,1.171,1.05,1.062,1.035,1.086,1.03,1.02,1.005,0.98
222641385,3,2,1.066,0.985,1.504,1.319,1.379,1.098,5.779,5.706,4.185,2.499,1.974,1.999,1.747,5.854,1.027,1.393,1.208,1.221
222641521,1,1,0.83,0.941,1.118,0.873,0.938,1.049,1.071,1.156,1.054,1.108,0.991,1.017,0.957,0.928,1.081,1.007,0.994,0.928
222641830,1,1,0.946,1.047,1.166,1.101,1.137,1.067,1.274,1.167,1.183,1.213,1.06,1.084,1.056,1.11,0.939,1.036,1.04,1.005
222641843,1,1,0.829,0.77,0.626,0.781,0.922,0.719,1.198,1.163,1.322,1.371,0.842,0.766,0.749,1.073,0.712,0.981,0.813,1.075
256032543,57,41,1.027,1.031,1.003,1.001,1.033,1.148,1.533,1.532,1.351,1.318,1.084,1.17,1.059,1.194,1.009,1.048,1.006,1.053
297596049,3,3,1.001,0.924,0.715,0.644,0.877,0.889,1.003,1.563,0.998,1.35,0.58,0.8,0.743,0.769,0.771,0.737,0.928,1.224
297596074,4,4,1.071,1.05,1.03,1.034,1.014,0.838,1.25,1.011,1.201,1.307,0.981,1,1.042,0.975,1.056,0.977,0.999,1.105
297601085,4,2,1.041,1.117,1.154,1.066,1.093,0.989,1.136,1.951,1.147,1.648,1.067,1.099,1.097,1.243,1.145,1.012,1.008,0.983
297604125,120,88,1.189,1.115,0.966,1.082,0.966,0.973,1.467,1.42,1.428,1.409,1.13,1.175,1.096,1.862,0.816,0.985,0.891,1.023
297605099,5,7,0.939,0.901,0.889,0.975,0.892,0.886,1.434,1.408,1.435,1.18,0.911,0.933,0.946,1.075,0.992,0.922,1.007,0.943
297722577,1,1,1.123,0.882,0.838,0.864,0.814,0.912,1.501,2.046,1.656,2.286,0.763,0.88,0.91,1.386,0.679,0.916,0.873,0.861
297727117,8,13,0.901,1.02,0.962,0.881,0.931,1.112,1.501,1.411,1.404,1.187,1.132,1.189,1.123,0.992,1.001,0.87,0.957,1.029
297728419,3,2,0.994,0.919,1.083,1.027,0.97,1,5.49,5.201,2.609,2.588,1.847,1.057,1.368,1.871,1.007,0.851,0.932,0.953
443427980,2,1,1.193,1.055,1.192,1.243,1.103,1.092,2.145,1.968,2.071,1.721,0.939,1.238,0.91,1.529,1.004,1.245,0.874,1.132
1009710,8,2,1.063,1.041,1.146,1.077,1.082,0.913,0.954,1.04,0.885,0.779,1.173,1.199,1.145,1.023,1.119,1.023,1.045,0.993
2613143,3,3,1.169,1.018,1.244,1.334,1.205,0.85,0.675,0.676,0.651,0.686,1.012,0.982,0.979,1.168,1.199,1.206,1.143,0.888
6063537,4,1,1.051,1.018,0.954,0.985,0.993,1.027,0.614,0.584,0.73,0.749,0.833,1.043,0.897,0.873,0.862,1.081,0.904,1.048
10241428,1,2,0.615,0.776,0.673,0.77,0.83,0.639,0.43,0.295,0.402,0.367,0.604,0.462,0.873,0.694,0.777,0.625,0.974,0.92
11466785,10,8,0.959,0.94,0.931,0.972,0.888,0.802,0.78,0.822,0.748,0.743,0.865,0.876,0.824,0.967,0.865,0.921,0.807,0.836
11466790,1,3,0.848,1.01,0.805,0.893,0.947,0.989,0.743,0.718,0.79,0.799,0.825,0.856,0.981,0.971,0.765,0.879,0.909,0.86
11466812,28,21,1.092,1.034,0.914,0.964,0.889,0.749,0.793,0.712,0.75,0.467,0.77,0.773,0.766,0.877,0.773,0.937,0.821,0.91
11466844,6,5,0.895,0.975,1.001,0.917,1.024,0.955,0.867,0.845,0.841,0.77,1.031,1.072,1.015,0.927,0.911,0.92,0.946,0.841
15042814,6,11,0.733,0.932,0.977,1.025,0.958,0.987,0.762,0.886,0.864,0.791,0.796,0.78,0.858,0.747,0.971,0.854,0.871,0.867
18071348,3,1,0.933,1.103,1.148,1.065,1.169,1.192,0.834,0.829,0.923,1.113,1.047,0.891,1.032,1.06,1.133,1.124,1.318,1.056
22093742,2,2,0.794,1.003,1.12,1.074,1.083,1.077,0.629,0.524,0.761,0.717,0.928,0.97,0.928,0.859,1.014,0.911,0.934,0.986
22748337,7,3,0.959,1.022,0.926,0.855,0.977,0.777,0.786,0.753,0.741,0.656,1.084,1.054,1.097,0.79,0.94,0.848,0.974,0.956
23306131,1,2,0.944,0.931,1.171,1.119,1.034,1.048,0.945,0.782,0.929,0.968,1.103,1.073,1.081,1.022,1.132,1.101,1.048,0.996
27368877,3,2,0.931,1.151,0.928,0.894,0.912,1.02,0.842,0.877,0.798,0.715,0.86,0.887,0.962,0.763,0.95,0.858,0.977,0.955
29367513,2,1,1.003,0.99,0.998,0.993,0.939,0.87,0.781,0.779,0.796,0.794,0.863,0.959,0.912,1.036,0.878,1.103,0.869,0.882
32483159,2,1,0.998,0.987,0.893,0.915,0.899,0.931,0.711,0.77,0.778,0.803,0.81,0.99,0.87,0.802,0.862,1.049,0.789,0.946
33146737,6,2,0.926,1.065,1.009,0.972,0.967,1.045,0.792,0.68,0.869,0.728,1.014,1.075,1.033,0.85,0.815,0.983,0.861,1.008
33146794,2,1,1.043,0.988,1.117,1.185,0.993,0.886,0.925,0.919,0.762,0.819,1.15,1.013,0.97,0.878,1.26,1.151,1.111,1.067
41052915,55,50,0.961,0.979,0.992,0.988,0.982,0.987,0.744,0.76,0.73,0.805,0.973,1.036,0.992,0.847,0.907,1.021,0.893,0.901
42407940,15,8,1.081,1.084,0.931,1.014,0.986,0.978,0.704,0.721,0.753,0.804,0.931,1.057,0.949,1.032,0.958,1.123,0.952,0.908
46805020,2,2,0.936,1.018,0.944,0.89,1.042,0.934,0.788,0.854,0.859,0.578,0.931,0.998,1.035,0.953,0.9,0.738,0.933,0.933
49387983,1,1,1.006,1.01,1.078,1.061,1.074,0.998,0.898,0.88,0.836,0.959,0.965,1.023,0.976,0.957,1.057,1.048,1.21,1.011
49457926,1,3,0.997,1.02,0.983,1.006,0.976,1.001,0.815,0.829,0.814,0.813,0.987,0.962,0.988,0.903,0.931,1.034,0.887,0.925
55701101,1,1,0.958,1.047,0.455,0.659,0.546,1.019,0.301,0.273,0.358,0.372,1.052,0.915,1.087,1.361,0.861,1.216,0.89,1.174
55733898,4,2,1.157,1.126,1.058,1.085,1.135,1.152,0.922,0.922,1.007,0.884,1.051,1.012,1.009,1.105,1.139,1.141,1.133,1.045
56785354,1,1,1.031,1.087,1.026,1.051,1.115,1.081,0.705,0.672,0.746,0.679,0.953,0.868,0.995,0.941,1.257,1.03,1.255,1.13
57863801,5,5,0.961,1.034,0.828,0.879,0.943,0.791,0.745,0.708,0.678,0.561,0.68,0.735,0.767,0.848,0.936,0.682,1.08,1.083
57863850,2,1,0.564,1.335,2.257,1.832,1.915,1.116,0.296,0.359,0.401,0.498,0.241,0.381,0.425,0.334,0.87,0.856,0.772,0.796
62733593,21,11,0.882,0.903,1.171,1.114,1.193,1.001,0.94,0.843,0.901,0.85,1.084,0.918,1.06,0.923,1.053,0.963,1.131,0.887
75247720,3,2,1.232,1.195,0.807,0.975,0.935,0.907,0.824,0.696,0.81,0.649,0.738,0.91,0.838,1.36,0.942,1.253,1.01,1.067
75248671,16,9,1.51,1.264,0.949,1.051,0.892,1.183,0.933,0.826,0.878,0.717,1.108,1.537,1.105,1.8,0.872,1.543,0.822,1.174
77552873,2,2,1.016,1.076,0.926,0.93,1.001,0.922,0.852,0.776,0.903,0.816,0.848,0.887,0.901,0.809,1.1,0.986,1.222,1.131
100801530,3,11,1.115,1.081,1.527,1.407,1.384,1.055,0.869,0.903,0.641,0.751,0.984,0.917,0.986,0.993,1.259,1.123,1.178,0.98
108706186,2,2,1.064,1.137,0.997,0.985,0.987,0.783,0.648,0.608,0.638,0.484,0.963,0.904,0.914,1.011,1.119,0.967,1.144,1.038
108706570,1,1,0.934,1.171,1.109,1.606,1.118,1.448,1.151,1.46,1.052,1.53,0.749,0.67,0.862,1.007,1.431,1.574,1.167,1.066
108707535,1,1,1.026,1.049,0.999,1.08,0.866,1.092,0.891,0.926,1.074,1.047,0.989,0.972,0.941,0.93,1.289,1.19,1.077,1.159
108708657,12,15,1.234,1.34,1.145,1.068,1.156,1.229,0.829,0.907,0.8,1.13,1.102,0.998,1.134,1.105,1.355,1.077,1.383,1.143
108711237,1,1,0.975,0.96,1.047,1.137,1.047,0.902,0.948,0.779,0.878,0.883,0.93,0.858,0.97,0.846,1.166,1.332,1.106,0.96
108862069,1,1,1.013,1.065,1.085,1.041,1.007,0.788,0.853,0.861,0.607,0.558,1.071,1.029,0.791,0.73,1.095,1.038,1.069,1.02
108862074,1,4,0.993,1.001,0.984,1.036,0.988,1.05,0.818,0.752,0.861,0.83,0.928,0.965,0.968,0.889,0.963,1.013,0.964,1.025
108862122,13,12,0.966,1.023,1.057,1.031,1.088,1.228,0.92,0.853,0.904,0.944,1.066,1.123,1.119,0.989,0.9,1.024,0.9,0.923
108864164,2,2,0.724,0.688,0.455,0.495,0.591,0.5,0.4,0.336,0.69,0.302,0.517,0.567,0.73,0.515,0.805,0.621,0.899,0.842
109940106,1,1,0.869,0.923,1.104,0.939,1.062,0.904,0.784,0.772,0.676,0.678,0.883,0.952,0.935,0.838,0.868,0.813,0.981,0.712
110288710,1,2,1.073,1.055,1.017,0.996,0.938,0.973,0.879,0.853,0.934,0.873,0.999,1.188,0.987,1.188,0.912,1.121,0.905,0.939
115434034,5,7,1.471,1.292,0.915,1.191,0.972,0.905,0.673,0.872,0.708,0.986,0.744,0.754,0.842,1.095,1.323,1.37,1.235,1.077
115434036,3,4,1.511,1.348,1.171,1.138,1.055,1.259,0.831,0.856,0.81,1.144,0.898,0.982,0.959,1.446,1.368,1.542,1.358,1.148
115434044,17,8,1.066,1.083,1.055,1.018,1.114,1.109,0.649,0.679,0.701,0.743,0.928,1.101,0.932,0.945,0.896,1.079,0.92,1.063
115434220,14,6,0.994,1.081,0.99,0.972,1.015,0.892,0.868,0.847,0.786,0.63,0.921,1.006,0.895,0.755,0.842,0.831,0.9,0.84
115434256,8,5,0.807,0.648,0.466,0.503,0.54,0.642,0.646,0.541,0.59,0.591,0.393,0.453,0.322,0.582,0.609,0.573,0.599,0.682
115434294,4,4,0.947,1.01,0.488,0.501,0.524,1.038,0.619,0.508,0.73,0.613,0.444,0.585,0.484,0.451,1.026,0.689,1.09,0.987
115434342,6,27,1.004,1.135,0.52,0.471,0.603,0.998,0.805,0.542,0.9,0.649,0.326,0.48,0.481,0.559,0.699,0.641,0.718,0.979
115434736,3,3,0.892,0.901,0.994,0.946,0.979,0.995,0.863,0.792,0.779,0.859,0.872,0.84,0.847,0.672,1.012,0.934,0.957,0.953
115435264,4,2,1.504,1.356,1.237,1.129,1.262,1.483,0.956,0.993,0.937,1.277,1.3,1.328,1.308,1.693,1.441,1.168,1.359,1.293
115435368,4,2,1.143,1.187,1.018,0.945,0.997,1.075,0.922,0.891,0.92,1.022,0.995,1.107,0.97,1.009,1.138,1.185,1.055,1.168
115435662,6,5,1.179,1.073,1.091,0.995,1.065,0.984,0.917,0.873,0.896,0.992,1.11,1.146,1.022,1.092,1.077,1.128,1.131,1.1
115435974,28,62,1.063,1.048,0.962,0.946,0.961,1.059,0.926,0.789,0.96,0.909,1.015,1.175,1.023,1.113,0.851,0.977,0.852,1.01
115436144,13,8,1.125,1.083,1.18,0.892,1.107,0.853,0.397,0.519,0.438,0.633,0.985,1.101,1.078,0.65,1.079,1.047,1.164,1.32
115438661,1,4,1.08,1.001,0.918,0.96,0.903,0.88,0.643,0.636,0.604,0.764,0.812,0.888,0.752,0.896,0.974,1.141,0.88,0.914
115439533,80,69,0.933,0.988,1.106,1.037,1.107,1.063,0.752,0.733,0.741,0.763,1.084,1.042,1.071,0.787,0.969,0.93,0.977,0.939
115439591,1,1,1.159,0.994,1.12,1.097,1.126,1.024,0.965,0.813,0.836,0.937,1.104,1.136,1.041,0.987,1.11,1.037,0.986,0.995
115440189,3,2,1.085,0.931,1.005,0.995,0.902,0.93,0.86,0.746,0.772,0.783,0.975,1.048,0.922,0.742,1.275,1.205,1,0.936
115441775,4,4,0.87,0.983,0.961,0.953,0.99,0.857,0.592,0.608,0.629,0.695,1.072,1.03,1.036,0.841,1.003,1.084,1.039,0.867
115442365,2,1,0.936,0.896,0.949,0.83,0.948,0.859,0.75,0.667,0.669,0.622,0.974,1.174,0.873,0.937,0.779,0.861,0.753,0.831
115443731,2,2,0.978,1.056,1.027,1.06,1.098,1.033,0.903,0.955,0.924,0.866,1.007,0.845,1.064,1.073,1.154,1.053,1.18,1.036
115444579,6,1,0.982,0.954,1.557,1.592,1.483,1.052,0.845,0.825,0.715,0.889,1.038,0.898,0.962,1.121,1.185,1.138,1.17,0.943
115444801,33,25,0.904,0.972,1.215,1.095,1.229,1.296,0.898,0.846,0.88,0.96,1.068,1.119,1.068,0.914,0.856,1.077,0.889,0.993
115444947,4,3,0.86,1.229,1.109,1.016,1.14,1.13,0.9,0.884,0.875,0.795,1.086,0.926,1.174,0.924,1.022,0.996,1.141,1.116
115445103,1,1,1.137,1.116,1.193,1.197,1.174,1.137,0.816,0.759,0.827,1.029,1.391,1.101,1.302,1.144,1.273,1.116,1.214,0.995
115445585,11,4,1.114,1.082,1.258,1.436,1.266,1.138,0.837,1.111,0.846,0.894,1.004,0.996,1.041,1.094,1.48,1.341,1.514,1.17
115445929,6,6,1.058,1.025,0.995,1.01,0.93,0.977,0.836,0.841,0.849,0.894,0.98,1.027,0.979,1.024,0.97,1.068,0.911,1.018
115446549,1,3,0.916,1.067,0.957,1.109,1.03,1.084,0.721,0.573,0.895,0.657,1.029,0.861,1.007,0.791,1.104,0.923,1.252,1.098
115447171,19,12,0.978,1.095,1.032,0.961,0.99,1.022,0.778,0.821,0.713,0.704,0.924,1.093,0.852,0.817,0.903,0.978,0.848,1.017
115447305,7,5,0.98,0.893,1.002,0.92,1.028,1.154,0.742,0.783,0.551,0.521,1.054,1.254,1.091,0.674,1.017,0.97,0.995,0.925
115447403,10,16,1.277,1.433,2.336,2.341,2.421,1.165,0.556,0.65,0.554,0.688,1.297,0.939,1.371,1.695,2.017,1.482,1.857,0.952
115447743,16,4,0.868,0.894,1.071,1.007,1.07,0.899,0.647,0.506,0.766,0.444,0.971,0.708,0.955,0.708,1.025,0.905,1.12,0.997
115450243,5,3,0.894,0.853,1.132,1.502,1.189,0.855,0.642,0.581,0.743,0.804,0.682,0.503,0.714,0.77,1.195,1.441,1.394,0.938
115450329,12,12,1.015,1.007,1.008,0.986,0.954,0.964,0.752,0.809,0.777,0.75,0.869,1.01,0.864,0.823,0.906,0.924,0.864,0.929
115450565,122,104,1.091,1.091,1.097,1.175,1.114,1.017,0.95,0.845,0.907,1.091,0.967,1.043,0.964,0.99,1.409,1.103,1.432,1.293
115450567,21,14,1.074,1.101,1.147,1.264,1.147,1.048,0.967,0.829,0.943,1.246,0.968,0.986,0.975,0.99,1.344,1.199,1.405,1.217
115451337,7,4,0.672,1.031,1.121,1.033,1.141,0.595,0.418,0.254,0.475,0.227,0.723,0.965,0.814,0.707,1.192,1.246,1.356,1.128
115451937,36,27,0.937,0.978,0.948,0.911,0.959,0.788,0.741,0.582,0.761,0.749,1.016,0.683,1.029,0.876,0.93,1.085,0.951,1.01
115451989,6,9,0.946,0.874,0.963,0.994,0.913,0.764,0.737,0.694,0.742,0.489,1.042,1.069,1.02,0.689,1.136,0.916,1.12,1.042
115452251,2,1,0.926,0.773,0.891,0.896,0.924,0.796,0.748,0.684,0.685,0.697,0.819,0.786,0.865,0.8,1.023,0.842,1.025,0.701
115453029,4,2,1.035,1.085,1.075,1.142,1.075,1.073,0.762,0.81,0.76,0.807,1.078,1.05,1.081,1.148,1.004,1.208,1.098,1.019
115453349,4,2,0.92,0.893,0.889,0.805,0.935,0.876,0.869,0.888,0.9,0.707,1.099,0.946,1.126,0.956,1.12,0.925,1.146,0.946
115453473,5,3,1.137,1.002,0.959,0.979,0.991,0.898,0.911,0.825,0.876,0.824,0.915,1.044,0.968,1.022,0.947,1.144,0.989,1.04
115453693,7,3,1.002,1.016,0.932,0.942,0.963,0.897,0.777,0.746,0.802,0.881,0.819,0.935,0.754,0.861,1.068,0.915,0.994,0.985
115453785,21,23,1.171,1.102,0.928,0.976,0.94,1,0.788,0.755,0.833,0.857,0.918,1.038,0.946,1.195,0.867,1.182,0.914,1.032
115454067,14,5,0.939,0.949,0.993,1.028,0.904,0.856,0.759,0.781,0.701,0.694,0.875,0.869,0.779,0.778,1.085,1.047,0.983,0.971
115454385,15,9,1.065,0.975,1.048,1.034,1.109,1.103,0.917,1.057,0.9,0.941,1.052,1.045,1.059,1.114,1.227,1.126,1.165,1.117
115454433,3,3,1.151,1.187,0.98,1.008,0.987,1.001,0.889,0.739,0.815,0.789,0.939,1.112,0.998,1.352,1.049,1.086,1.063,1.103
115455133,10,26,0.961,1.042,0.94,0.872,1.022,1.034,0.749,0.708,0.792,0.803,0.908,1.052,0.909,0.869,0.924,1.044,0.934,1.027
115455263,10,3,0.959,0.95,1,0.958,0.929,0.857,0.892,0.921,0.859,0.673,1.023,1.058,1.046,1.021,1.019,1.028,0.956,0.95
115455945,34,21,1.03,1.052,1.026,1.049,1.085,1.036,0.953,0.925,0.902,0.91,1.041,0.982,1.049,0.965,1.151,1.015,1.207,1.119
115456227,22,18,1.125,1.222,1.067,1.027,1.064,1.077,0.782,0.818,0.8,1.003,0.962,0.929,0.988,1.005,1.187,1.06,1.208,1.125
115456477,1,2,0.879,0.972,1.115,1.109,1.146,1.112,0.927,0.921,1.043,0.846,1.156,1.109,1.15,1.102,0.965,0.777,1.167,1.052
115456685,11,8,0.982,1.002,0.938,0.908,0.888,1.038,0.836,0.827,0.792,0.83,0.892,0.918,0.881,0.83,0.902,0.925,0.878,0.945
115456822,2,1,1.046,1.051,1.066,1.167,1.01,1.055,0.552,0.747,0.841,0.688,0.939,1.052,0.907,1.078,1.117,1.39,0.945,0.888
115457030,1,1,1.004,1.142,0.982,1.013,1.173,0.999,0.825,1.001,0.839,1.053,0.97,0.93,0.953,0.991,1.192,1.004,1.205,1.14
115457070,17,23,1.031,1.049,0.912,0.87,0.965,0.975,0.808,0.835,0.838,0.76,0.983,1.066,0.924,0.875,0.813,0.879,0.906,0.974
115457372,4,3,0.935,0.769,0.872,0.813,0.799,0.672,0.684,0.623,0.626,0.58,0.738,0.915,0.718,0.66,0.833,1,0.795,0.88
115458058,1,1,0.848,0.818,1.061,1.016,1.024,0.858,0.671,0.637,0.718,0.797,0.997,0.804,0.986,0.932,1.078,0.884,0.99,0.951
115458184,23,24,1.015,1.008,1.02,0.987,1.028,0.82,0.906,0.801,0.923,0.809,0.966,0.923,0.958,0.959,1.16,1.066,1.228,1.059
115458498,12,14,1.053,1.017,1.055,1.057,0.983,0.984,0.825,0.81,0.848,0.889,0.95,0.887,0.939,0.907,1.091,1.075,1.096,1.076
115458638,1,6,0.957,1.091,1.045,1.121,1.106,1.098,0.855,0.828,1.015,1.073,0.839,1.038,0.976,1.045,1.348,1.143,1.274,1.219
115458920,1,1,1.126,1.035,1.101,0.992,1.111,0.907,0.82,0.883,0.94,1.048,1.12,1.085,1.113,1.434,1.021,1.087,0.966,1.076
115459018,3,1,0.991,1.146,1.161,1.186,1.544,1.552,0.908,0.911,1.063,1.173,1.285,1.29,1.373,1.21,0.989,1.053,1.15,1.077
115459206,13,10,0.932,0.989,0.821,0.801,0.805,0.934,0.837,0.812,0.901,0.877,0.711,0.814,0.669,0.655,0.855,0.777,0.9,0.91
115459412,9,6,1.026,1.066,1.004,0.895,1.084,1.092,0.792,0.758,0.856,0.947,1.1,1.098,1.139,0.92,0.952,0.913,0.999,1.002
115459636,10,9,0.99,1.063,0.996,0.924,0.964,1.051,0.834,0.833,0.843,0.852,0.9,0.986,0.861,0.829,0.866,0.918,0.892,0.947
115459670,12,14,0.907,0.964,0.95,0.981,0.978,1.006,0.839,0.754,0.811,0.816,0.964,0.996,0.925,0.883,0.9,1.049,0.898,0.86
115460328,1,2,1.033,1.016,1.008,1.245,0.939,1.155,0.794,1.069,0.874,0.996,0.896,0.924,0.853,0.856,1.27,1.236,1.09,1.044
115461036,20,12,0.972,0.987,0.859,0.901,0.828,0.772,0.823,0.786,0.803,0.729,0.927,0.93,0.903,0.923,0.989,0.879,0.967,0.94
115461044,3,6,0.862,0.993,1.047,0.896,1.085,1.171,0.814,0.844,0.829,0.826,1.078,1.031,1.102,0.808,1.047,0.889,0.99,0.996
115461056,2,2,1.009,0.977,1.031,1.029,0.948,0.901,0.804,0.812,0.821,0.63,0.912,1.003,0.875,0.877,0.902,0.947,0.976,0.819
115461118,4,5,0.94,1.013,1.001,1.004,1.003,0.994,0.826,0.9,0.83,1.056,0.929,0.774,0.954,0.9,1.188,1.038,1.131,1.063
115461615,5,3,0.85,1.014,0.932,0.866,1.103,1.059,0.69,0.67,0.831,0.868,0.962,0.856,0.973,0.878,0.889,0.909,1.031,1.073
115461879,1,1,0.989,1.029,1.015,1.037,1.057,1.182,0.941,0.815,0.855,0.917,0.962,0.903,1.11,1.144,0.979,0.824,0.981,0.843
115461963,2,1,0.947,0.677,1.51,1.137,1.388,0.874,0.576,0.625,0.416,0.514,1.023,1.023,0.83,0.557,0.911,0.868,0.707,0.751
115462253,9,4,1.036,1.159,1.092,1.05,0.995,0.94,0.577,0.556,0.662,0.632,0.868,0.92,0.854,0.924,1.008,1.197,1.02,1.037
115464035,29,18,1.02,0.998,1.069,1.161,1.051,0.881,0.923,0.897,0.888,0.947,1.056,0.975,1.031,0.998,1.166,1.068,1.115,1.061
115464509,1,1,1.032,0.917,1.122,1.154,1.077,0.871,0.871,0.798,0.853,0.87,1.069,0.827,1.016,1.06,1.154,1.032,1.064,1.048
115464757,19,17,0.901,0.965,0.866,0.872,0.87,0.919,0.736,0.778,0.745,0.849,0.824,0.907,0.82,0.857,0.846,0.929,0.857,0.984
115464905,2,2,1.159,1.045,1.114,1.054,1.085,0.936,0.891,0.948,0.904,0.812,1.032,1.153,0.97,1.098,1.021,1.065,0.92,1.031
115465862,47,110,1.037,0.987,0.867,0.931,0.874,0.851,0.763,0.703,0.748,0.871,0.892,0.989,0.873,0.805,0.816,1.061,0.798,0.927
115465942,48,44,0.954,0.978,0.991,0.967,1.006,0.992,0.788,0.812,0.77,0.875,1.038,1.076,1.051,0.882,0.935,1.012,0.951,0.926
115466002,15,10,1.015,1.031,1.079,1.034,1.088,1.071,0.816,0.936,0.857,0.999,1.073,0.954,1.131,1.071,1.194,0.99,1.224,1.072
115466656,8,3,0.996,1.09,1.013,1.005,1.014,0.773,0.931,0.747,0.851,0.631,1.022,1.058,1.118,1.095,1.245,0.963,1.31,1.145
115466734,3,3,1.224,1.167,1.12,1.129,1.114,0.914,0.87,0.895,0.796,0.693,0.966,1.068,0.919,1.232,1.068,0.907,1.163,0.984
115467636,24,16,1.376,1.723,1.383,1.451,1.383,1.176,0.578,0.62,0.573,1.056,0.958,0.782,0.992,1.107,1.567,1.512,1.793,1.148
115467746,8,10,1.16,1.116,1.035,0.963,1.012,1.162,0.902,0.877,1.008,0.979,1.129,1.198,1.126,1.183,0.977,1.22,0.971,1.058
115469130,6,1,1.149,1.263,1.275,1.184,1.222,1.208,0.74,0.724,0.651,1.07,1.085,1.289,1.162,0.976,1.199,1.201,1.212,1.129
115469202,2,1,0.984,0.893,0.886,0.954,0.91,0.814,0.793,0.68,0.598,0.593,1.027,0.885,1.021,0.742,1.069,1.057,1.152,1.016
115470221,4,4,1.187,1.142,1.065,1.127,1.1,1.024,0.883,0.885,0.89,1.033,1.015,1.031,1.008,1.104,1.173,1.043,1.18,1.124
115470235,93,78,1.01,1.013,1.01,1.001,1.018,1.048,0.822,0.806,0.843,0.841,0.91,1.027,0.907,0.816,0.834,0.983,0.869,0.964
115470293,2,2,1.265,1.134,1.077,1.176,1.144,1.005,0.797,0.787,0.576,1.045,1.074,0.975,1.248,1.134,1.222,1.292,1.054,1.203
115470621,62,109,0.911,0.942,1.014,1.031,1.03,0.962,0.8,0.823,0.833,0.866,0.879,0.946,0.916,0.831,0.832,0.945,0.878,0.88
115470657,6,14,1.343,1.184,0.927,0.953,0.936,1.118,0.832,0.804,0.819,0.805,0.914,1.13,0.885,1.19,0.841,1.262,0.893,1.076
115471681,1,1,1.003,1.046,0.981,1.059,1.016,0.93,0.88,0.805,0.928,0.897,1.006,0.983,1.007,0.898,1.145,1.013,1.148,0.99
115471983,22,64,0.892,0.898,1.081,1.112,1.069,0.838,0.819,0.803,0.797,0.735,1.016,0.89,0.993,0.849,1.019,1.019,0.95,0.924
115472875,5,3,0.987,0.949,1.029,0.967,1.02,0.957,0.842,0.748,0.894,0.786,0.928,1.055,0.897,0.822,0.962,0.96,0.962,0.973
115473033,2,1,0.958,1.033,1.077,1.076,1.19,1.069,0.876,0.813,1.003,0.945,1.013,1.067,1.087,1.059,0.993,1.04,1.107,1.267
115473061,1,1,1.029,1.037,0.961,1.014,0.877,0.853,0.663,0.717,0.506,0.78,0.854,0.978,0.888,0.883,1.107,1.069,1.149,1.075
115473517,3,4,0.959,1.029,1.009,0.984,1.035,1.103,0.818,0.861,0.825,0.909,1.093,1.121,1.119,0.965,1.005,1.181,0.921,0.953
115473883,2,1,0.886,0.931,1.117,1.08,1.042,0.925,0.823,0.814,0.835,0.841,0.949,0.866,0.953,0.924,0.956,0.98,1.001,0.836
115473907,4,4,1.117,1.098,1.222,1.129,1.197,1.185,0.985,0.948,0.982,1.087,1.282,1.301,1.295,0.994,1.219,1.13,1.263,1.238
115474033,5,5,1.134,1.218,1.006,1.073,1.077,1.114,0.839,0.768,0.836,0.944,1.009,0.991,1.032,0.864,1.322,1.022,1.342,1.295
115474337,3,2,0.907,1.021,1.058,0.965,1.023,0.97,0.82,0.82,0.863,0.903,1.049,1.032,1.077,1.033,0.986,0.981,0.964,0.991
115474427,6,6,0.963,1.056,1.001,0.965,0.994,1.023,0.877,0.779,0.801,0.8,0.911,0.994,0.893,0.825,0.85,1.012,0.85,0.92
115474837,1,1,1.137,1.015,1.072,1.099,1.054,0.93,0.965,0.632,0.922,0.85,1.009,1.005,1.01,0.957,1.251,1.121,1.123,1.012
115476610,7,7,0.975,1.028,1.033,1.127,1.135,1.073,0.912,0.941,0.848,0.973,1.032,0.902,1.01,0.974,1.299,1.103,1.289,1.124
115476760,82,134,0.907,0.896,1.004,1.023,1.016,0.879,0.815,0.652,0.829,0.896,1,0.821,1.003,0.972,1.021,0.986,1.02,0.951
115476820,4,2,1.119,1.132,0.914,0.846,0.949,0.847,0.732,0.64,0.786,0.631,0.902,1.081,0.824,0.879,0.843,1.239,0.797,1.021
115476990,12,9,0.951,0.998,1.064,1.03,1.044,0.983,0.84,0.864,0.835,0.829,0.997,1.016,1.037,0.896,0.934,0.982,0.898,0.933
115477148,59,38,1.033,0.966,1.012,1.07,1.005,0.974,0.81,0.854,0.771,0.807,0.951,1.049,0.952,0.809,0.907,1.018,0.917,0.915
115477210,6,3,1.04,1.058,0.857,0.85,0.821,0.904,0.824,0.783,0.812,0.933,0.796,0.92,0.876,0.944,0.92,0.945,0.923,1.097
115477469,5,12,1.288,1.381,0.863,0.869,0.999,1.168,0.523,0.503,0.651,0.829,0.738,0.796,0.768,1.006,1.191,1.099,1.187,1.087
115480705,18,28,0.993,0.97,0.862,0.939,0.914,0.953,0.761,0.785,0.739,0.798,0.861,0.883,0.896,0.87,0.825,0.987,0.884,0.919
115481216,4,3,1.263,1.141,1.208,1.176,1.126,1.096,1.099,1.018,1.053,1.204,0.929,1.171,0.908,1.045,1.656,1.347,1.487,1.251
115481218,4,2,1.063,1.129,1.018,1.184,1.145,1.079,0.965,0.85,1.067,1.208,0.925,1,0.921,1.005,1.374,1.111,1.438,1.306
115482322,1,1,1.075,0.921,1.07,1.16,1.048,0.981,0.991,0.845,0.929,0.729,0.936,0.847,0.994,0.89,1.025,1.046,1.016,0.94
115482342,18,14,0.925,1.065,0.851,0.858,0.829,0.918,0.756,0.718,0.765,0.76,0.615,0.66,0.697,0.681,0.885,0.809,0.925,0.908
115482808,4,6,0.746,1.378,1.241,1.204,1.149,0.797,0.515,0.516,0.438,0.471,0.383,0.571,0.379,0.375,0.836,0.956,0.778,0.981
115483040,8,5,1.091,1.05,1.251,1.072,1.173,0.983,0.835,0.754,0.77,0.886,1.193,1.236,1.188,1.062,1.042,1.054,0.984,0.95
115483066,10,5,1.181,1.125,1.065,1.15,1.114,0.937,0.766,0.825,0.757,0.969,1.018,1.017,0.942,0.923,1.316,1.239,1.075,0.953
115483088,27,18,0.929,1.054,1.045,1.005,1.078,1.066,0.809,0.874,0.84,0.664,0.946,0.945,0.949,0.954,0.986,0.79,0.997,0.948
115483212,21,31,1.012,1.047,1.047,1.155,1.065,1.009,0.971,0.882,0.956,1.092,1.015,1.048,0.908,1.004,1.263,1.106,1.305,1.236
115484453,4,4,1.012,1.055,1.086,1.13,1.078,0.989,0.875,0.987,0.838,1.01,0.963,1,0.943,1.01,1.147,1.126,1.134,1.077
115484891,8,5,1.004,1.056,1.005,1.042,1.034,1.014,0.83,0.823,0.847,0.818,0.904,1.031,0.961,0.929,0.959,1.134,0.948,0.963
115485731,4,7,1.167,1.453,1.564,1.602,1.626,0.947,0.47,0.587,0.688,0.856,1.001,0.793,1,1.294,1.727,1.324,1.795,1.058
115486143,1,1,0.897,0.888,0.874,0.808,0.926,1.195,0.585,0.542,0.718,0.819,0.645,0.858,0.8,0.677,0.922,0.741,0.979,0.817
115486187,6,5,0.992,1.1,0.974,0.897,0.96,0.973,0.898,0.793,0.868,0.81,0.9,1.003,0.86,0.882,0.893,1.134,0.948,1.064
115486369,9,5,0.83,1.041,0.883,0.861,0.932,0.916,0.458,0.472,0.663,0.604,1.058,0.883,1.042,0.789,0.977,0.798,1.03,1.026
115487090,5,1,1.147,1.147,0.96,0.997,0.925,1.115,0.887,0.883,0.787,0.949,0.829,1.081,0.961,0.829,1.197,1.065,1.165,1.148
115487602,6,5,1.158,1.185,0.995,1.001,0.967,1.141,0.8,0.924,0.826,0.969,0.967,0.939,1.011,1.041,1.226,1.048,1.183,1.169
115487692,15,15,1.087,1.389,0.941,1.045,0.967,0.63,0.448,0.392,0.388,0.239,0.623,0.902,0.595,1.224,1.004,1.536,1.048,1.124
115488492,5,5,0.651,1.381,1.086,0.974,1.227,0.937,0.433,0.376,0.408,0.456,0.398,0.445,0.357,0.356,0.743,0.788,0.746,0.898
115488938,27,44,1.097,1.023,0.964,0.955,0.957,0.982,0.792,0.811,0.859,0.89,0.962,1.016,0.961,1.028,0.899,1.087,0.928,0.972
115489022,14,9,1.099,1.059,1.269,1.224,1.349,1.298,0.893,0.939,0.906,0.985,1.092,1.383,1.099,0.858,1.212,1.175,1.273,1.183
115489048,192,174,0.64,0.651,0.555,0.573,0.619,0.772,0.465,0.36,0.498,0.466,0.244,0.329,0.322,0.365,0.607,0.508,0.649,0.612
116308990,5,2,1.348,1.096,1.031,1.088,0.928,1.07,0.596,0.701,0.677,0.768,0.759,1.179,0.728,0.727,1.125,1.26,1.026,1.201
116310227,7,6,1.019,1.103,1.062,1.03,1.015,1.033,0.776,0.896,0.828,0.921,1.066,1.118,0.995,0.928,0.946,1.265,0.919,0.984
116317759,14,6,0.988,1.063,0.967,0.864,0.884,0.956,0.693,0.76,0.651,0.67,0.878,1.033,0.805,0.816,0.845,1.069,0.753,0.902
125527521,3,2,1.107,1.051,1.066,0.968,0.966,0.991,0.809,0.736,0.733,0.781,1.002,1.14,0.941,0.904,0.932,1.112,0.88,0.987
125532040,4,8,1.049,1.136,1.136,1.035,1.116,1.174,0.8,0.828,0.921,0.983,0.969,1.06,0.949,0.833,1.292,1.035,1.13,1.045
125532159,5,3,0.895,1.021,1.146,1.134,1.145,0.918,0.677,0.754,0.721,0.681,0.998,0.874,0.985,0.764,1.14,0.966,1.157,1.033
125535555,2,4,1.296,1.357,1.596,1.505,1.538,1.204,0.596,0.748,0.664,0.953,1.2,0.999,1.179,1.367,1.723,1.56,1.533,1.09
125540091,2,2,1.487,1.68,0.992,1.084,0.997,1.004,0.718,0.895,0.629,1.013,1.095,1.103,1.022,1.131,1.501,1.375,1.397,1.459
125542289,1,3,1.018,1.161,1.188,1.386,1.091,1.118,0.942,0.822,1.033,1.375,0.874,0.931,0.974,1.104,1.534,1.263,1.693,1.431
125549171,19,18,1.024,1.085,0.947,0.933,0.969,1.036,0.82,0.799,0.86,0.78,0.913,1.041,0.923,1.024,0.89,1.084,0.909,0.973
125552368,4,2,1.011,1.03,1.165,1.05,1.063,0.991,0.949,0.963,0.842,1.047,1.17,1.303,1.139,1.023,1.065,1.057,1.034,0.972
125553822,26,28,1.121,1.098,1.021,1.142,1.025,0.984,0.627,0.661,0.649,0.762,0.743,0.991,0.785,0.819,1.341,1.017,1.36,1.152
125555716,4,3,1.044,1.067,1.062,0.992,1.053,1.084,0.694,0.746,0.699,0.772,0.915,0.937,0.934,0.935,1.128,1,1.048,0.928
125557818,15,10,0.959,1.056,0.802,0.948,0.854,0.968,0.708,0.766,0.694,0.625,0.754,0.899,0.818,0.907,0.862,1.007,0.881,1.015
125558389,4,2,0.954,1.115,1.305,1.147,1.196,1.295,0.912,0.902,0.964,1.156,1.226,1.313,1.21,1.059,1.106,1.109,1.134,1.078
125558478,2,1,1.034,1.278,1.018,0.821,0.927,0.876,0.658,0.577,0.818,0.651,0.96,1.084,0.908,0.983,0.867,1.36,0.853,1.225
125559927,26,26,1.234,1.129,1.092,1.186,1.089,0.891,0.83,0.919,0.768,1.047,0.889,0.947,0.878,1.08,1.055,1.24,1.068,1.074
125580720,1,1,0.886,1.012,1.034,0.918,0.951,0.996,0.822,0.657,0.778,0.849,0.865,0.949,0.885,0.818,1.136,0.873,1.123,1.045
125583193,3,2,1.215,1.23,0.917,1.001,0.955,1.079,0.8,0.719,0.84,0.754,0.898,1.135,0.83,1.364,0.909,1.229,0.903,1.007
125584288,10,7,1.283,1.06,1.05,1.076,1.04,0.906,0.78,0.748,0.813,0.939,1.078,0.996,1.083,1.268,1.066,1.291,1.098,1.042
125587933,5,7,1.176,1.156,1.16,1.24,1.203,1.124,0.808,0.942,0.823,1.116,0.993,0.965,0.995,0.941,1.272,1.062,1.268,1.066
125587960,1,2,1.039,1.027,0.845,0.847,0.825,1.034,0.857,0.798,0.958,0.759,0.791,0.87,0.903,0.805,0.942,1.056,0.959,1.029
125591970,2,3,0.983,0.926,1.016,1.032,0.988,0.912,0.821,0.803,0.839,0.842,0.907,0.894,0.933,0.848,1.152,0.972,1.06,1.03
125600270,3,2,0.987,1.208,0.912,0.965,0.893,1.087,0.754,0.721,0.761,0.941,1.071,0.913,1.055,0.739,1.13,1.011,1.186,1.196
125600611,124,113,0.852,0.872,0.969,1.095,0.999,0.895,0.755,0.722,0.822,0.799,0.807,0.827,0.875,0.857,0.789,0.992,0.853,0.895
125604306,1,2,0.816,1.039,0.486,0.53,0.565,0.68,0.604,0.623,0.61,0.6,0.499,0.479,0.592,0.734,0.749,0.659,0.717,0.988
215678989,1,1,0.982,0.896,1.019,1.033,0.911,0.821,0.834,0.805,0.707,0.616,1.015,0.922,0.913,0.946,1.038,0.907,0.995,1.006
215687350,8,2,0.942,0.932,0.888,0.975,0.946,0.775,0.849,0.871,0.837,0.774,1.081,1.014,1.111,0.964,1.026,0.998,1.048,1.018
218186588,3,3,0.939,0.86,0.677,0.781,0.843,0.675,0.588,0.458,0.607,0.513,0.393,0.576,0.864,0.606,0.847,0.568,0.979,1.012
218190501,3,2,1.09,1.519,1.018,1.005,1.077,1.384,0.832,0.782,0.626,0.588,1.037,1.194,1.117,1.117,0.911,1.086,0.868,1.152
218190962,2,1,1.153,1.111,1.031,1.132,1.072,0.976,0.923,1.016,0.798,0.896,1.062,0.965,1.12,1.034,1.29,1.139,1.299,1.252
218192300,6,4,1.037,1.044,0.984,0.975,0.991,0.916,0.797,0.774,0.881,0.779,1.054,1.081,1.092,1.127,0.989,1.112,0.993,1.185
218192543,3,4,1.153,1.156,1.329,1.361,1.268,1.024,0.86,0.976,0.768,0.918,1,1.05,0.999,1.121,1.203,1.231,1.081,0.907
218192575,4,3,0.917,0.981,1.106,1.021,1.103,1.124,0.897,0.846,0.864,0.881,1.097,1.025,1.139,0.824,0.998,0.87,1.013,0.933
218193896,2,1,0.985,0.899,1.032,1.027,1.007,0.87,0.707,0.71,0.654,0.612,1.039,1.013,1.011,0.755,1.147,1.075,0.985,0.93
218194810,34,29,1.012,1.126,1.063,0.92,1.082,1.273,0.84,0.844,0.875,0.863,1.299,1.155,1.335,0.912,1.079,0.924,1.117,1.061
218194867,3,3,1.013,1.06,0.722,0.728,0.693,0.992,0.898,0.775,0.882,0.757,0.958,0.939,1.028,1.242,1.051,0.959,1.066,1.053
218195015,3,6,1.115,1.167,0.997,0.943,1.077,1.146,0.874,0.891,0.901,0.936,1.08,1.155,1.133,1.261,0.938,1.05,1.022,1.053
218195973,38,16,0.965,1.093,1.02,0.888,1.063,0.86,0.843,0.771,0.745,0.793,1.004,1.121,1.058,0.972,1.009,0.865,1.024,1.105
218197314,16,13,1.058,1.065,0.912,0.923,0.948,0.955,0.795,0.824,0.85,0.813,0.914,0.98,0.937,0.932,0.91,0.933,0.904,0.945
218197641,17,8,1.203,1.141,1.171,1.159,1.148,1.109,0.876,0.991,0.816,1.172,1.16,1.396,1.136,1.184,1.745,1.575,1.6,1.144
218197824,4,1,1.138,1.22,1.291,1.36,1.469,1.274,0.843,0.976,0.861,1.042,1.2,1.162,1.245,1.61,1.199,1.3,1.308,1.238
218199240,13,10,0.919,0.97,0.781,0.811,0.828,0.922,0.865,0.81,0.829,0.868,0.734,0.772,0.798,0.727,0.917,0.788,0.941,1.003
218200569,3,1,1.005,0.944,1.065,0.869,1.064,0.787,0.82,0.734,0.895,0.732,0.994,1.059,1.083,1.013,0.887,0.94,0.886,1.026
218201512,55,17,1.143,1.058,0.926,0.962,0.963,0.995,0.788,0.834,0.795,0.891,0.899,1.031,0.891,1.1,0.875,1.129,0.886,0.998
222612577,2,3,0.917,0.975,1.06,1.142,1.012,1.107,0.976,0.931,1.031,1.21,1.065,1.089,1.04,1.211,1.495,1.115,1.37,1.173
222613060,22,83,0.965,1.003,1.036,0.982,0.97,1.027,0.833,0.741,0.85,0.863,0.965,1.086,0.951,0.861,0.859,0.997,0.815,0.925
222613117,1,1,1.077,1.414,0.725,0.806,0.677,0.85,0.673,0.718,0.637,0.837,0.704,0.813,0.696,0.734,0.786,1.033,0.863,1.137
222613319,23,28,0.94,1,1.063,1.008,1.042,0.981,0.802,0.803,0.847,0.872,0.987,0.929,0.994,0.804,1.014,0.951,0.995,0.947
222615983,2,11,1.37,1.301,1.24,1.485,1.291,1.636,0.798,1.015,0.862,2.031,1.065,1.453,1.141,1.12,2.45,4.115,2.371,1.53
222617321,1,1,0.981,1.057,1.166,1.2,1.233,1.153,1.087,0.998,1.087,0.843,0.887,0.898,0.887,1.069,1.265,0.92,1.296,1.294
222618070,8,7,1.309,1.344,0.823,0.837,0.846,0.92,0.491,0.535,0.549,0.495,0.516,1.092,0.643,1.284,0.584,1.221,0.647,1.025
222618486,4,4,1.108,1.123,1.286,1.189,1.267,1.464,1.251,1.242,1.289,1.28,1.69,1.769,1.63,1.896,1.302,1.496,1.213,1.396
222623142,6,6,1.112,1.375,1.169,1.175,1.185,1.283,0.864,0.873,0.771,1.161,1.03,0.918,1.093,1.023,1.326,1.14,1.412,1.217
222623469,2,2,1.033,1.091,1.116,1.059,1.135,1.049,0.775,0.798,0.859,1.081,0.912,0.863,0.926,1.069,1.231,1.187,1.14,1.036
222623626,2,1,1.028,0.954,0.978,0.966,0.929,0.821,0.881,0.843,0.822,0.754,0.862,0.965,0.91,0.816,0.865,0.865,0.85,0.872
222624895,5,3,1.648,1.438,0.995,1.203,1.055,0.825,0.734,0.768,0.705,0.938,0.974,0.901,1.015,1.185,1.239,1.262,1.352,1.219
222625810,2,1,0.857,0.801,1.016,1.075,0.953,0.695,0.697,0.618,0.686,0.552,1.523,0.878,1.429,0.919,1.269,0.93,1.109,0.785
222631426,5,3,1.052,1.197,0.989,1.018,0.94,1.2,0.831,0.996,0.816,1.037,0.859,0.861,0.98,0.882,0.98,1.083,1.151,0.988
222632295,1,1,0.96,0.891,1.096,1.007,1.018,0.931,0.877,0.817,0.89,0.814,1.085,1.074,1.052,1.074,1.064,1,0.968,0.842
222632739,3,1,0.99,1.124,1.002,1.024,1.033,1.098,0.899,0.915,0.945,0.858,0.957,0.851,1.069,1.016,1.079,1.12,1.15,1.166
222634949,9,4,1.069,1.113,1.025,0.993,1.058,1.111,0.845,0.901,0.841,0.836,1.039,1.098,1.058,1.051,0.949,1.053,0.972,1.005
222635612,1,1,0.952,0.96,1.139,1.102,1.086,0.954,0.763,0.69,0.839,1.004,1.091,0.868,1.044,0.923,1.299,1.092,1.325,1.116
222636128,1,1,0.964,1.052,1.091,0.921,1.068,1.058,0.868,0.783,0.825,0.755,1.279,1.319,1.176,1.137,1.037,0.633,1.08,1.017
222636888,2,3,0.891,0.931,1.474,1.258,1.338,1.19,0.639,0.549,0.814,0.849,0.577,0.586,0.74,0.773,0.839,1.087,0.902,0.889
222637559,2,2,0.757,0.798,0.301,0.327,0.385,0.473,0.318,0.278,0.419,0.355,0.234,0.428,0.327,0.305,0.544,0.452,0.636,0.854
222639889,11,5,0.684,0.998,0.975,1.013,0.957,0.742,0.57,0.545,0.547,0.501,0.63,0.832,0.522,0.742,0.987,0.957,0.965,0.948
222640041,4,7,1.051,1.088,0.952,0.95,1.085,1.157,0.847,0.737,0.85,0.97,1.096,1.196,1.06,0.86,1.107,1.138,1.205,1.055
222640652,1,3,1.016,1.024,1.048,1.055,1.093,0.944,0.91,0.946,0.948,0.828,1.046,1.034,1.039,0.98,1.129,1.089,1.129,1.109
297596400,1,1,1.027,1.132,1.159,1.08,1.197,1.444,0.811,0.665,0.946,1.048,1.186,1.216,1.113,1.138,0.937,1.254,1.185,1.17
297600966,6,3,0.901,0.843,0.903,0.852,0.856,0.834,0.828,0.83,0.819,0.835,1.026,0.947,1.049,0.969,1.009,0.804,1.051,0.887
297604606,9,9,1.331,1.352,0.954,1.082,1.006,0.967,0.722,1.023,0.69,1.274,0.853,0.895,0.832,1.171,1.148,1.319,1.221,1.17
297607383,11,6,1.105,1.116,1.148,1.188,1.126,1.172,1.044,0.917,1.085,1.123,0.964,1.229,1.006,1.109,1.467,1.144,1.37,1.283
297608863,1,2,1.161,1.172,1.067,1.057,1.118,1.254,0.755,0.68,0.821,1.187,0.912,1.089,0.875,1.144,1.156,1.086,1.33,1.144
297721335,1,4,0.952,1.024,1.044,1.066,1.13,1.076,0.878,0.872,0.755,0.801,0.857,0.936,1.009,0.909,0.921,1.028,1.087,1.152
297728629,12,14,1.996,1.707,0.893,1.078,0.82,0.983,0.659,0.814,0.679,1.029,0.828,1.032,0.765,1.507,1.489,1.44,1.414,1.501
353558690,3,4,1.04,0.927,0.953,0.872,0.891,0.83,0.678,0.709,0.705,0.826,0.907,0.952,0.893,1.152,0.927,0.919,0.846,0.832
393794489,1,1,1.052,0.903,1.37,1.198,1.447,1.492,1.087,0.924,0.901,0.872,1.3,1.481,1.441,0.884,1.165,0.777,1.19,0.987
8096327,2,2,0.994,0.995,1.203,1.165,1.215,1.096,0.922,0.991,0.918,0.991,1.044,0.953,0.805,0.809,0.972,1.108,0.911,0.971
52353472,3,4,0.961,0.96,1.259,1.253,1.221,1.019,0.842,0.936,1.006,0.997,1.039,1.072,0.98,1.033,0.994,0.86,1.022,0.939
115448225,2,1,0.93,1.001,1.114,1.151,1.045,1.156,1.166,1.118,1.188,1.164,1.002,0.955,1.069,1.052,1.156,1.056,1.079,1.081
115451655,2,1,0.923,0.914,1.377,1.252,1.203,1.211,1.232,1.192,1.227,1.275,1.263,1.152,1.176,0.946,1.203,0.984,1.124,0.902
115463181,7,9,0.916,1.178,1.605,1.309,1.484,1.321,1.336,1.51,1.288,1.435,1.24,0.962,1.193,1.18,1.338,1.025,1.265,0.995
115464739,4,1,0.983,1.03,1.359,1.2,1.308,1.301,1.143,1.095,1.11,1.246,1.204,1.192,1.258,1.207,1.219,0.99,1.182,1.147
115465169,1,1,0.917,0.914,1.155,1.154,1.205,1.064,1.002,1.001,1.02,1.311,0.775,0.793,0.779,0.99,0.955,0.732,0.841,1.096
115469270,1,1,0.907,1.124,1.349,1.172,1.308,1.243,1.245,1.28,1.249,1.425,0.904,1.05,1.05,1.088,1.091,1.08,1.229,1.201
115477092,7,6,1.001,1.038,1.712,1.61,1.883,1.278,1.09,1.261,1.19,1.527,1.099,1.046,1.038,1.397,1.282,1.15,1.215,0.893
115481220,3,5,1.1,1.089,1.441,1.315,1.359,1.489,1.478,1.513,1.458,1.804,1.151,1.097,1.194,1.151,1.156,1.162,1.228,1.15
115484885,3,2,1.178,1.141,1.736,1.862,1.928,1.466,1.319,1.006,1.483,1.402,1.06,1.447,1.143,1.478,1.456,1.391,1.622,1.331
115489172,2,3,0.96,0.975,0.998,1.212,1.063,1.133,0.902,0.91,1.008,0.841,0.899,0.955,0.892,1.072,0.916,0.933,0.974,1.047
125538703,1,2,1.01,0.956,1.176,1.174,1.038,1.087,0.906,0.955,0.885,0.822,1.002,1.12,0.823,1.008,0.994,0.83,0.873,0.975
222619053,4,4,1.018,1.127,1.272,1.14,1.32,1.135,1.103,1.279,1.02,1.095,1.016,1.062,0.906,0.999,1.003,1.074,1.05,0.947
11466771,105,72,0.943,0.895,0.942,0.874,0.952,0.889,0.854,0.892,0.839,0.749,1.117,1.238,1.099,0.992,0.822,0.77,0.811,0.886
11466795,1118,1234,0.96,0.941,0.903,0.908,0.91,0.873,0.779,0.806,0.789,0.775,0.932,1.053,0.934,0.861,0.735,0.864,0.763,0.908
11466819,18,25,0.932,0.899,0.99,0.982,1.039,0.962,0.887,0.902,0.869,0.757,0.989,0.982,1,0.933,0.837,0.733,0.88,0.827
13560275,4,2,0.975,0.932,1.027,0.978,0.928,0.912,1.238,1.113,1.284,0.869,0.954,0.912,1.014,1.237,0.867,0.771,0.877,0.831
53370646,14,14,0.993,0.99,0.942,0.912,0.895,0.82,0.972,0.992,0.945,0.906,0.911,0.827,0.907,0.919,0.748,0.808,0.829,0.838
55296706,31,20,0.932,0.831,1.569,1.468,1.603,1.066,1.405,1.021,1.451,0.983,1.717,1.047,1.744,1.332,1.079,1.251,1.094,0.925
108710322,1,3,1.316,1.156,1.364,1.221,1.316,1.229,1.249,1.069,1.219,1.519,1.68,1.737,1.516,1.382,1.313,0.901,1.216,1.041
115439727,1,1,0.903,0.868,1.029,0.966,0.93,0.949,0.908,0.801,0.775,0.707,1.018,0.972,1.034,0.822,0.928,0.922,0.774,0.847
115446541,60,81,0.93,0.942,0.895,0.806,0.892,0.788,0.838,0.937,0.842,0.875,1.109,1.125,1.101,1.06,0.905,0.839,0.906,0.884
115448639,1,2,0.783,0.854,0.926,0.718,0.833,0.845,0.773,0.63,0.86,0.817,1.036,1.123,1.007,0.977,0.728,0.666,0.858,0.702
115449561,2,3,0.854,0.921,1.048,0.961,0.887,1.105,0.964,0.832,1.011,0.707,0.971,0.981,0.95,0.899,0.708,0.834,0.845,0.762
115450345,2,5,0.856,0.9,0.98,0.697,1.012,0.9,1.059,1.152,0.93,0.917,1.264,1.568,1.046,0.954,0.767,0.709,0.936,0.888
115451067,3,2,1.012,0.965,1.066,1.093,0.927,0.999,1.016,1.124,1.044,0.815,0.946,1.057,1.116,1.073,0.784,0.714,0.797,0.907
115453887,1,1,0.973,1.107,0.802,0.727,0.761,0.858,0.834,1.065,0.92,1.449,1.003,0.935,0.876,1.207,0.795,0.716,0.754,0.725
115454841,15,16,0.841,0.884,0.979,0.909,0.959,0.988,1.122,0.956,1.037,0.764,1.017,1.063,0.969,0.841,0.743,0.846,0.772,0.769
115459134,24,14,1.025,1.025,1.053,0.996,0.999,1.028,0.841,1.252,0.856,0.858,1.081,1.323,1.088,1.116,0.891,0.851,0.918,0.92
115465267,20,13,1.166,0.934,0.932,0.948,0.931,0.95,0.888,0.858,0.849,0.775,0.951,1.135,0.968,0.887,0.772,0.912,0.791,0.904
115472755,15,8,1.044,1.083,0.855,0.805,0.833,0.703,0.844,1.096,0.824,0.715,0.711,0.834,0.795,0.865,0.504,0.588,0.674,0.797
115478593,2,2,1.035,0.941,1.132,1.083,1.123,1.311,0.952,0.869,0.944,0.69,1.152,1.458,1.127,1.072,0.848,1.199,0.805,0.961
115479815,2,1,0.891,1.01,0.941,0.931,0.954,1.145,1.155,0.951,1.297,1.057,1.261,1.109,1.303,1.529,0.978,0.953,0.948,1.047
115482032,4,5,1.042,0.929,0.86,0.851,0.89,0.772,0.923,0.946,0.913,0.93,0.868,0.93,0.831,1.083,0.794,0.811,0.741,0.887
115488992,1,2,0.804,0.854,1.118,1.089,1.087,0.919,1.551,1.219,1.426,1.283,1.297,0.957,1.235,1.256,0.801,0.808,0.958,0.941
115489130,1,1,1.257,1.131,0.947,1.007,1.146,1.101,1.094,1.401,1.14,1.36,1.17,1.188,1.119,1.191,1.017,0.863,1.094,1.033
115489830,9,2,1.097,1.043,1.145,1.062,1.108,1.143,1.164,1.208,1.079,1.097,1.364,1.16,1.141,1.032,0.978,0.778,0.889,0.908
125558308,5,6,1.092,1.045,1.005,0.867,1.027,1.137,0.92,0.931,0.913,0.983,1.227,1.174,1.231,1.008,0.829,0.879,0.865,0.923
125563710,1,2,0.928,0.997,1.081,0.733,1.138,0.905,0.941,0.857,0.801,0.795,1.1,1.111,1.102,0.972,0.791,0.819,0.82,0.517
125564469,3,3,0.934,0.9,0.791,0.824,0.873,0.875,0.826,0.777,0.793,0.812,0.844,0.852,0.855,0.908,0.619,0.64,0.796,0.766
125569348,40,42,0.848,0.819,1.007,1.063,1.012,0.842,1.178,0.927,1.164,0.904,1.038,0.938,1.063,1.018,0.749,0.881,0.776,0.829
125579029,3,1,1.128,0.97,1.002,1.001,0.846,0.894,0.964,0.938,0.961,0.667,1.117,1.189,0.98,1.063,0.885,0.88,0.772,0.881
218194578,1,1,1.015,0.878,1.062,0.945,0.976,0.938,1.071,1.226,0.999,1.005,1.221,1.078,1.055,1.155,0.87,0.847,0.901,0.986
218197851,17,11,0.915,0.987,1.012,0.764,1.04,0.876,0.871,0.672,0.866,0.792,1.192,1.264,1.157,0.923,0.84,0.773,0.858,0.95
222617495,7,5,0.987,0.84,0.934,0.766,0.953,0.859,0.88,0.813,1,0.999,1.179,1.279,1.17,1.031,0.888,0.927,0.864,0.764
222617918,2,1,1.002,0.917,1.022,0.805,0.943,0.918,0.977,0.841,1.02,0.824,1.151,1.161,1.112,1.007,0.941,0.894,0.884,0.975
222618378,2,1,0.865,0.915,1.012,0.957,1.169,0.914,0.998,0.954,1.081,0.969,1.177,1.059,1.102,1.25,0.896,0.857,0.847,0.873
222634821,2,1,0.954,0.964,1.018,0.94,1.082,1.099,0.928,0.913,0.9,0.81,0.947,1.069,1.015,0.915,0.874,0.843,0.835,0.888
297611974,4,4,1.049,1.016,0.949,0.804,0.882,0.955,1.195,0.919,1.363,1.084,1.044,1.077,1.068,1.254,0.828,0.882,0.825,0.958
347948494,5,5,0.986,1.143,1.079,0.936,1.12,1.375,1.146,1.123,1.381,1.351,1.406,1.302,1.602,1.229,1.033,0.933,1.096,1.059
